Name;Abbr
Abbey Wood;ABWD
Abbey Wood Mtr;ABWDXR
Aber;ABER
Abercynon;ABRCYNS
Aberdare;ABDARE
Aberdeen;ABRDEEN
Aberdour;ABDO
Aberdovey;ABDVY
Abererch;ABRE
Abergavenny;ABRGVNY
Abergele & Pensarn;ABGLELE
Aberystwyth;ABRYSTH
Abingdon Did Bus;ABNGHST
Abingdon Did Bus;ABNGSTR
Abraham Mossmtlk;MNCRAMM
Accrington;ACRNGTN
Achanalt;ACHANLT
Achnasheen;ACHNSHN
Achnashellach;ACHHSHL
Acklington;ACKLNGT
Acle;ACLE
Acocks Green;ACOCKSG
Acton Bridge;ACBG
Acton Central;ACTNCTL
Acton Main Line;ACTONML
Adderley Park;ADERLYP
Addiewell;ADIEWEL
Addlestone;ADLESTN
Adisham;ADISHAM
Adlington (Cheshire);ADLC
Adlington (Lancashire);ADNL
Adwick;ADWICK
Aigburth;AIGBURT
Ainsdale;AINSDAL
Aintree;AINTREE
Airbles;AIRBLES
Airdrie;AIRDRIE
Albany Park;ALBNFCL
Albany Park;ALBNHRC
Albany Park;ALBNHV
Albany Park;ALBNYPK
Albrighton;ALBRGHT
Aldeburgh-Bus 64;ALBURGH
Alderley Edge;ALDEDGE
Aldermaston;ALDMSTN
Aldershot;ALDRSHT
Aldgate East Und;ALDGEST
Aldrington;ALDTON
Alexandra Palace;ALEXNDP
Alexandra Parade;ALXPD
Alexandria;ALXANDR
Alfreton;ALFRETN
Allens West;ALLENSW
Alloa;ALLOA
Alness;ALNESS
Alnmouth;ALNMOTH
Alpamare Water Park;SCARALP
Alresford (Essex);ALRESFD
Alsager;ALSAGER
Althorne Essex;ALTHORN
Althorpe Humber;ALTPE
Altnabreac;ALTNBRC
Alton;ALTON
Altrincham;ALTRNHM
Altrincham Mtlk;ALTRMET
Alvechurch;ALVCHRC
Alvechurch Red Lion;ALVCRLP
Ambergate;AMBERGT
Amberley;AMLY
Amersham;AMERSHM
Ammanford;AMMANFD
Ancaster;ANCASTR
Anchorage Mtlk;MNCRANC
Anderston;ANDRSTN
Andover;ANDOVER
Anerley;ANERLEY
Angmering;ANGMRNG
Annan;ANNAN
Anniesland;ANSL
Anniesland;ANSL3
Ansdell & Fairhaven;ANSDELL
Antrim Ni;CATZANM
Apperley Bridge;APERLYB
Appleby;APBY
Appledore (Kent);APDR
Appleford;APPLEFD
Appley Bridge;APLYBDG
Apsley;APSLEY
Arbroath;ARBROTH
Ardgay;ARDGAY
Ardlui;ARDLUI
Ardrahan (Cie;CATZ
Ardrossan Harbour;ARDRSHB
Ardrossan South Beach;ARDRSSB
Ardrossan Town;ARDRSTN
Ardwick;ARDWICK
Argyle Street;ARGYLST
Arisaig;ARISAIG
Arklow (Cie;ARKW
Arlesey;ARLSEY
Armadale (West Lothian);ARMDALE
Armathwaite;ARMTHWT
Arnside;ARNSIDE
Arram;ARRAM
Arrochar & Tarbet;ARCHRAT
Arundel;ARUNDEL
Ascot;ASCOT
Ascott-Under-Wychwood;ASCTUWD
Ash;ASHH
Ash Vale;ASHVALE
Ashburys;ASHBRYS
Ashchurch For Tewkesbury;ASHCHRC
Ashfield;ASFIELD
Ashford (Surrey);ASFDMSX
Ashford International;ASHFKY
Ashford Intl(Civ;ASHFKI
Ashley;ASHLEY
Ashtead;ASHD
Ashton Moss Mtlk;MNCRAML
Ashton U L Mtlk;MNCRALM
Ashton West Mtlk;MNCRAWM
Ashton-Under-Lyne;ASHONUL
Ashurst (Kent);ASHURST
Ashurst Bald Faced Stag;ASHUBUS
Ashurst New Forest;LYNDHRD
Ashurst New Forest;LYNDPKH
Ashwell & Morden;ASHWELC
Askam;ASKAM
Aslockton;ASLCKTN
Aspatria;ASPTRIA
Aspley Guise;ASPLEYG
Aston;ASTON
Athenry (Cie;CATZATR
Atherstone;ATHRSTN
Atherton;ATHERTN
Athlone (Cie;CATZATO
Athy (Cie;CATZATY
Attadale;ATADALE
Attenborough;ATNBRO
Attleborough;ATTLBON
Attymon (Cie;CATZATM
Auchinleck;ACHILCK
Audenshaw Mtlk;MNCRASM
Audley End;AUDLEYE
Aughton Park;AGHTNPH
Avebury Bus;AVEBRED
Aviemore;AVIEMRE
Avoncliff;AVNCLFF
Avoncliff;WWODVIL
Avonmouth;AVONMTH
Axminster;AXMNSTR
Axminster;AXMNSTS
Aylesbury;AYLSBRY
Aylesbury Vale Parkway;AYLSPWY
Aylesford;AYLESFD
Aylesham;ALSHAM
Ayr;AYRR
Bache;BACHE
Baglan;BGLAN
Bagshot;BAGSHOT
Baguley Mtlk;BAGMTLK
Baildon;BAILDON
Baillieston;BALISTN
Baker Street Und;LONDNBS
Balcombe;BALCOMB
Baldock;BALDOCK
Balham;BALHAM
Ballina (Cie;CATZBAX
Ballinasloe (Cie;CATZBSG
Balloch;BALLOCH
Ballybrophy (Cie;CATZBBY
Ballyhaunis (Cie;CATZBHN
Ballymena Ni;CATZBMA
Ballymote (Cie;CATZBAO
Balmossie;BALMOSS
Bamber Bridge;BMBRBDG
Bamford;BAMFORD
Banavie;BANAVIE
Banbury;BNBR
Bangor (Gwynedd);BANGOR
Bank Hall;BNKHALL
Banstead;BANSBUS
Banstead;BANSTED
Banteer (Cie;CATZBNU
Barassie;BARASIE
Bardon Mill;BRDNML
Bare Lane;BARELA
Bargeddie;BRGDDIE
Bargoed;BARGOED
Barking;BARKING
Barlaston;BARLSTN
Barlaston Orchard Place;BARLSOP
Barlow M Rd Mtlk;BLMMTLK
Barming;BARMING
Barmouth;BRMOUTH
Barnehurst;BRNHRST
Barnes;BARNES
Barnes Bridge;BNSBDGE
Barnetby;BNTBY
Barnham;BRHM
Barnhill;BNHL
Barnsley;BNSLY
Barnstaple;BRNSTPL
Barnt Green;BGRN
Barrhead;BRHD
Barrhill;BRRHL
Barrow Haven;BARWHVN
Barrow Upon Soar;BAROWOS
Barrow-In-Furness;BAROW
Barry;BARRY
Barry Docks;BARRYDK
Barry Island;BARRYIS
Barry Links;BRRYLNK
Barton-On-Humber;BRTHMBR
Basildon;BASILDN
Basingstoke;BSNGSEB
Basingstoke;BSNGSTK
Bat & Ball;BATABAL
Bath Bus Station;BATHBUS
Bath Spa;BATHSPA
Bathgate;BTHGATE
Batley;BATLEY
Battersby;BTRSBY
Battersea Park;BATRSPK
Battle;BATTLE
Battlesbridge;BTLSBDG
Bayford;BAYFORD
Beaconsfield;BCNSFLD
Bearley;BEARLEY
Bearsden;BSDN
Bearsted;BSTD
Beasdale;BEASDAL
Beaulieu Road;BLIEURD
Beauly;BEAULY
Bebington;BEBNGTN
Beccles;BECCLES
Beckenham Hill;BCKNHMH
Beckenham Junction;BCKNBUS
Beckenham Junction;BCKNHMJ
Beckenham Junction;BCKNMJC
Bedford;BEDFDM
Bedford;BEDFDN
Bedford St Johns;BESJOHN
Bedhampton;BDHMNRD
Bedhampton;BDHMPTN
Bedminster;BDMNSTR
Bedworth;BEDWRTH
Bedwyn;BEDYN
Beeston;BESTON
Bekesbourne;BEKSBRN
Belfast Lanyon Place;BLFSTCL
Belfast Port;BLFSTPT
Belford Bus;BELFBUS
Belle Vue;BLLVUE
Bellgrove;BLGRVE
Bellingham;BELNGHM
Bellshill;BLSHL
Belmont;BELM
Belper;BELPER
Beltring;BLTRNAB
Belvedere;BELVEDR
Bempton;BEMPTON
Ben Rhydding;BNRHYDN
Benchill Mtlk;BENMTLK
Benfleet;BENFLET
Bentham;BNTHAM
Bentley (Hants);BNTEY
Bentley (South Yorkshire);BTLYSY
Bere Alston;BEREALS
Bere Ferrers;BEREFRS
Berkhamsted;BERKHMD
Berkswell;BKSWELL
Bermondsey Lrt;BRMNDSY
Bermuda Park;BERMPRK
Berney Arms;BRNYARM
Berry Brow;BERRYB
Berrylands;BRLANDS
Berwick (Sussex);BERWICK
Berwick-Upon-Tweed;BRWCKUT
Bescar Lane;BESCRLA
Bescot Stadium;BSCTSTA
Besses O' Th' Barn Mtlk;BSTBARN
Betchworth;BTCHBUS
Betchworth;BTCHWTH
Bethnal Green;BTHNLGR
Betws-Y-Coed;BETSYCD
Beverley;BEVERLY
Bexhill;BEXHILL
Bexley;BEXLEY
Bexleyheath;BXLYHTH
Bicester North;BCSTN
Bicester Village;BCSTRTN
Bickley;BICKLEY
Bidston;BDSTON
Biggleswade;BIGLSWD
Bilbrook;BILBROK
Billericay;BILERCY
Billingham;BLNGHM
Billingshurst;BILSHST
Bingham;BINGHAM
Bingley;BNGY
Birchgrove;BCHGRV
Birchington-On-Sea;BCNGNOS
Birchwood;BIRCHWD
Birdhill (Cie;CATZBIH
Birkbeck;BIRKBCK
Birkdale;BKDLE
Birkenhead 12 Quays;BRKNIOM
Birkenhead Central;BRKNHDC
Birkenhead Hamilton Square;HAMTSQ
Birkenhead North;BRKNHDN
Birkenhead Park;BRKNHDP
Birmingham International;BHAMINT
Birmingham Moor Street;BHAMMRS
Birmingham New Street;BHAMNWS
Birmingham New Street;STADJN
Birmingham Snow Hill;BHAMSNH
Bishop Auckland;BSAUKLD
Bishop Auckland;BSAUWEA
Bishopbriggs;BSHB
Bishops Stortford;BSHPSFD
Bishopstone;BSSN
Bishopstone Hill Rise;BSSNBUS
Bishopton (Renfrewshire);BISHPTN
Bitterne;BITERNE
Blackburn;BLKB
Blackheath;BLKHTH
Blackhorse Road;BLCHSRD
Blackpool North;BLCKPLN
Blackpool Pleasure Beach;BLCKPB
Blackpool South;BLCKS
Blackridge;BLKRDGE
Blackrod;BLRD
Blackwater;BCKWATR
Blackwood Bus Linc;YSTRBWD
Blaenau Ffestiniog;BLAENAU
Blair Atholl;BLARATH
Blairhill;BLAIRHL
Blake Street;BLKST
Blakedown;BLAKEDN
Blantyre;BLANTYR
Blaydon;BLAYDON
Bleasby;BLEASBY
Blenheim Pal. Via Oxford Pkwy ;CATZ011
Blenheim Palace;BLENHEM
Bletchley;BLTCHLY
Bloxwich;BLOXWCH
Bloxwich North;BLOXN
Blundellsands & Crosby;BLNDLAC
Blythe Bridge;BLYBDGE
Bodmin Mount Folly;BODMNMF
Bodmin Mount Folly;BODMTSB
Bodmin Parkway;BODMNPW
Bodorgan;BODORGN
Bognor Regis;BOGNORR
Bogston;BOGSTON
Bolton;BOLTON
Bolton-Upon-Dearne;BLTNODR
Bond Street Crossrail;BONDST
Bookham;BOOKHAM
Bootle (Cumbria);BOOTLE
Bootle New Strand;BOOTLNS
Bootle Oriel Road;BOOTLOR
Bordesley;BRDS
Borough Green & Wrotham;BORWGAW
Borth;BORTH
Bosham;BOSHAM
Boston;BOSTON
Botley;BOTLEY
Bottesford;BOTESFD
Bourne End;BORNEND
Bournemouth;BOMO
Bournmth Air Bus;BOMOHAP
Bournville;BOURNVL
Bow Brickhill;BOWBRKH
Bow Street;BOWSTRT
Bowes Park;BOWESPK
Bowker Vale Mtlk;BOWKERV
Bowling;BOWLING
Boxhill & Westhumble;BOXHAWH
Boxhill Burfd Br;BOXHBUS
Boyle (Cie;CATZBOQ
Bracknell;BRACKNL
Bradford Forster Square;BRADFS
Bradford Interchange;BRADIN
Bradford-On-Avon;BRDFDOA
Brading;BRDING
Braintree;BRAINTR
Braintree Freeport;BRAINFP
Bramhall;BMHL
Bramley (Hants);BMLY
Bramley (West Yorkshire);BRMLYSR
Brampton (Cumbria);BRMPTNC
Brampton (Suffolk);BRAMPTN
Branchton;BRNCHTN
Brandon;BNDON
Branksome;BRANKSM
Bray (Cie;BRAY
Braystones;BRYSTNS
Bredbury;BREDBRY
Breich;BREICH
Brentford;BNTFORD
Brentwood;BRTWOOD
Bricket Wood;BCWD
Bridge Of Allan;BGOALAN
Bridge Of Orchy;BOORCHY
Bridgend;BRGEND
Bridgeton;BRIDGTN
Bridgwater;BRDGWTR
Bridlington;BRDLNGT
Bridport Bus X51/X53;CATZBPO
Brierfield;BRIERFL
Brigg;BRGG
Brighouse;BRHOUSE
Brighton;BRGHTN
Brimsdown;BRIMSDN
Brinnington;BRNGTN
Bristol Air Bus;BRSTAIR
Bristol Parkway;BRSTPWY
Bristol T M Bus;BRSTSTA
Bristol Temple Meads;BRSTLTM
Bristol Temple Meads;NSMRSTJ
Brithdir;BRITHDR
Briton Ferry;BRITFRY
Brixton;BRIXTON
Broad Green;BROADGR
Broadbottom;BRBM
Broadstairs;BRSR
Broadway;CATZBWY
Broadway Mtlk;MNCRBWY
Brockenhurst;BKNHRST
Brockholes;BKHLS
Brockley;BROCKLY
Brockley Whins;BRWHINS
Brodick;BDICK
Bromborough;BRMB
Bromborough Rake;BRMBRK
Bromley Cross;BRMCRSS
Bromley North;BROMLYN
Bromley South;BROMLYS
Bromsgrove;BRMSGRV
Brondesbury;BRBY
Brondesbury Park;BRBYPK
Brooklands Mtlk;BRKLNDS
Brookmans Park;BRKMNPK
Brookwood;BRKWOOD
Broome;BROOME
Broomfleet;BRFT
Brora;BRORA
Brough;BROUGH
Broughty Ferry;BRFRY
Broxbourne;BROXBRN
Bruce Grove;BRUCGRV
Brundall;BRUNDAL
Brundall Gardens;BRUNDLG
Brunstane;BRUSTAN
Brunswick;BNWK
Bruton;BRUTON
Bryn;BRYN
Buckenham;BUCKNHM
Buckley;BCKY
Bucknell;BKNELL
Buckshaw Parkway;BUKSHAW
Buckshaw Parkway;CHORBUK
Bude Bus;BUDESTD
Bugle;BUGLE
Bugle;GNBARWJ
Builth Road;BUILTHR
Bulwell;BULWELL
Bures;BURES
Burgess Hill;BURGESH
Burley Park;BRLEYPK
Burley-In-Wharfedale;BURLYIW
Burnage;BAGE
Burneside (Cumbria);BNSD
Burnham (Bucks);BNHAM
Burnham-On-Crouch;BRNMONC
Burnley Barracks;BURNLYB
Burnley Central;BURNLYC
Burnley Manchester Road;BURNMR
Burnside Strathclyde;BRSDE
Burntisland;BISLND
Burscough Bridge;BRSCGHB
Burscough Junction;BRSCGHJ
Bursledon;BURSLDN
Burton Joyce;BRTJYC
Burton Road Mtlk;MNCRBRM
Burton-On-Trent;BURTNOT
Bury Mtlk;BURY
Bury St Edmunds;BSTEDMS
Busby;BUSBY
Bush Hill Park;BHILLPK
Bushey;BUSHEY
Bushey;BUSHYDC
Butlers Lane;BTLRSLA
Buxted;BXTD
Buxton;BUXTON
Byfleet & New Haw;BYFLANH
Bynea;BYNEA
Cadoxton;CADOXTN
Caergwrle;CAERGWL
Caerphilly;CRPHLY
Caersws;CARSWS
Cahir (Cie;CATZCAH
Cairnryan;CNRYNP
Caldercruix;CLDRCRX
Caldicot;CDCOT
Caledonian Road & Barnsbury;CLDNNRB
Callington Bus;CALLNRD
Calne Bus;CALNSTR
Calstock;CALSTCK
Cam & Dursley;DURSLEY
Camberley;CMBLEY
Camborne;CBORNE
Cambridge;CAMBDGE
Cambridge Heath;CAMHTH
Cambridge North;CAMBNTH
Cambuslang;CMBSLNG
Camden Road;CMDNRD
Camelon;CAMELON
Camelon;CRMRSEJ
Campbeltown;CAMPBLT
Canada Water;CNDAW
Canary Wharf Crossrail;CANWHRF
Canley;CANLEY
Cannock;CNCK
Canonbury;CNNB
Canonbury;CNNBELL
Canterbury East;CNTBE
Canterbury West;CNTBW
Cantley;CNTLEY
Capenhurst;CPNHRST
Carbis Bay;CARBISB
Cardenden;CDND
Cardiff Air Bus;CRDFAIR
Cardiff Bay;CARDFBR
Cardiff Central;CRDFCEN
Cardiff Central Bus Stn;CRDFBUS
Cardiff Queen Street;CARDFQS
Cardonald;CDNL
Cardross;CDRS
Carfin;CARFIN
Cark & Cartmel;CARK
Carlisle;CARLILE
Carlow Cie;CATZCAW
Carlton;CRTN
Carluke;CRLK
Carmarthen;CMTHN
Carmyle;CARMYLE
Carnforth;CRNF
Carnoustie;CNST
Carntyne;CNTY
Carpenders Park;CRPNDPK
Carrbridge;CARRBDG
Carrick-On-Shannon (Cie);CATZCKA
Carrick-On-Suir (Cie);CARICOS
Carshalton;CRSHLTN
Carshalton Beeches;CRSHLTB
Carstairs;CRSTRS
Carstairs;CRSTRSS
Cartsdyke;CRTSDYK
Castle Bar Park;CBARPAR
Castle Cary;CCARY
Castlebar (Cie;CATZCLB
Castlebay;CSBY
Castleconni (Cie;CATZCCN
Castleford;CASTLFD
Castlerea (Cie;CATZCSE
Castleton (Manchester);CSTL
Castleton Moor;CTNM
Caterham;CATERHM
Catford;CATFORD
Catford Bridge;CATFBDG
Cathays;CATHAYS
Cathcart;CCRT
Cattal;CATTAL
Catterick Garrison Bus;DLTNCGT
Causeland;CAUSLND
Cefn-Y-Bedd;CEFNYBD
Cemetery Rd Mtlk;MNCRCRM
Centrl Park Mtlk;MNCRCEM
Chadwell Heath;CHDWLHT
Chafford Hundred;CHADHDD
Chalfont & Latimer Und;CHLFNAL
Chalkwell;CHLKWEL
Chandlers Ford;CSFD
Chapel-En-Le-Frith;CHEF
Chapelton (Devon);CHAPLTN
Chapeltown (South Yorkshire);CHPLTWN
Chappel & Wakes Colne;CHPWKSC
Charing (Kent);CRNG
Charing Cross (Glasgow);CHRNGXG
Charlbury;CHBURY
Charlbury Village;CHBUVIL
Charleville (Cie;CATZCHJ
Charlton;CRLN
Chartham;CHARTHM
Chassen Road;CHASNRD
Chatelherault;CHTLRT
Chatham;CHATHAM
Chathill;CHHL
Cheadle Hulme;CHDH
Cheam;CHEAM
Cheddington;CHDNGTN
Chelford;CHELFD
Chelmsford;CHLMSFD
Chelsfield;CHLSFLD
Chelt Races Bus;CHLTRAC
Cheltenham Spa;CHLTNHM
Chepstow;CHEPSTW
Cherry Tree;CHTR
Chertsey;CHTSEY
Chesham Und;CHSM
Cheshunt;CHESHNT
Chessington North;CHSSN
Chessington South;CHSSS
Chester;CHST
Chester Road;CHSRD
Chester-Le-Street;CLST
Chesterfield;CHFD
Chestfield & Swalecliffe;CHSW
Chetnole;CHETNOL
Chichester;CHCHSTR
Chilham;CLMN
Chilworth;CHLWTH
Chingford;CHINGFD
Chinley;CHNLY
Chinley;CHNLYNJ
Chinnor Bus;CHNRLOW
Chinnor Rail;CATZ012
Chippenham;CHIPNHM
Chippenham;THNGLYJ
Chippenham New Rd;CHIPNEW
Chipping Norton Bus;CHNOBUS
Chipstead;CHSD
Chirk;CHIRK
Chislehurst;CHSLHRS
Chiswick;CHISWCK
Cholsey;CHOLSEY
Chorley;CHORLEY
Chorleywood Und;CHRW
Chorlton Mtlk;MNCRCHM
Christchurch;CHRISTC
Christs Hospital;CHRSBUS
Christs Hospital;CHRSTSH
Church & Oswaldtwistle;CHOS
Church Fenton;CHFN
Church Stretton;CSTR
Churston;CHUSTON
Cilmeri;CILMERY
Cirencester;CATZCCR
City Thameslink;CTMSLNK
Clacton-On-Sea;CLACTON
Clandon;CLANDON
Clapham (North Yorkshire);CLPM
Clapham High Street;CLPHHS
Clapham Junction;CLPHMJW
Clapham Junction;CLPHMJ1
Clapham Junction;CLPHMJ2
Clapham Junction;CLPHMJC
Clapham Junction;CLPHMJM
Clapham Junction;CLPHMJN
Clapton;CLAPTON
Clara (Cie;CATZCLQ
Clarbeston Road;CLARBRD
Claremorris (Cie;CATZCMI
Clarkston;CLRKSTN
Claverdon;CLAVRDN
Claygate;CLYGATE
Clayton Hal Mtlk;MNCRCHB
Cleethorpes;CLTHRPS
Cleland;CLELAND
Clifton (Manchester);CLTN
Clifton Down;CLFDOWN
Clitheroe;CLITHRO
Clock House;CLOCKHS
Clonmel (Cie;CLONMEL
Cloughjordn (Cie;CATZCLZ
Clunderwen;CLYNDRW
Clydebank;CLYBANK
Coatbridge Central;COATBDC
Coatbridge Sunnyside;COATBDS
Coatdyke;COATDYK
Cobh (Cie;CATZCOQ
Cobham & Stoke D'ABERNON;CBHMSDA
Cockfosters Und;CCKFLUL
Codsall;CODSALL
Cogan;COGAN
Colchester;CLCHSTR
Colchester Town;CLCHRTN
Coleraine Ni;CATZCEI
Coles Bus Necbia;BHAMNEC
Coleshill Parkway;COLESHL
Collingham;CLHM
Collington;CTNG
Collooney (Cie;CATZCOU
Colne;COLNE
Colwall;CLWALL
Colwyn Bay;CBAY
Combe (Oxon);COMBE
Commondale;COMONDL
Congleton;CONGLTN
Conisbrough;CONBRGH
Connel Ferry;CONNELF
Conon Bridge;CONONBR
Cononley;CONONLY
Conway Park;BRKNCPK
Conwy;CONWY
Cooden Beach;CODNBCH
Cookham;COOKHAM
Cooksbridge;COKSBDG
Coombe Junction Halt;COOMBE
Copplestone;COPLSTN
Corbridge;CRBG
Corby;CORBY
Corby Pboro Bus;PBROCOR
Corfe Castle;SWNACFC
Cork City (Cie;CORK
Corkerhill;CKHL
Corkickle;CRCK
Cornbrook Mtlk;MNCRCBK
Corpach;CORPACH
Corrour;CORROUR
Corsham Bus;CORSNEW
Coryton;CORYTON
Coseley;COSELEY
Cosford;COSFORD
Cosham;COSHAM
Cottingham;CTTGHM
Cottingley;COTNGLY
Coulsdon South;COLSDNS
Coulsdon Town;COLSTWN
Countryfile Live;CATZQCF
Coventry;COVNNY
Coventry;COVNTRY
Coventry Arena;COVAREN
Cowden;COWDEN
Cowden Crosroads;COWDBUS
Cowdenbeath;CWDNBTH
Cowes East Rfshp;COWESE
Cowes West Rdjet;COWESW
Cradley Heath;CRADLYH
Craigendoran;CRGDRN
Craignure;CRGURE
Cramlington;CRMLNGT
Cranbrook (Devon);CBRK
Craughwell (Cie;CATZ001
Craven Arms;CRAVENA
Crawley;CRAWLEY
Crayford;CRFD
Crediton;CREDITN
Cressing;CRESING
Cressington;CRSNGTN
Creswell;CRWLL
Crewe;CREW998
Crewe;CREWE
Crewkerne;CRKRN
Crews Hill;CRHL
Crianlarich;CRNLRCH
Criccieth;CRICCTH
Cricklade Bus;CATZCRZ
Cricklewood;CRKLWD
Croftfoot;CFFT
Crofton Park;CFPK
Cromer;CMER
Cromford;CROMFD
Crookston;CROKSTN
Cross Gates;CSGT
Crossacres Mtlk;CSAMTLK
Crossflatts;CFLATTS
Crosshill;CROSSHL
Crosskeys;CRSKEYS
Crossmyloof;CRSMYLF
Croston;CROT
Crouch Hill;CROUCHH
Crowborough;CBGH
Crowhurst;CRWHRST
Crowle;CROWLE
Crowthorne;CRWTHRN
Croxley Und;CRXLEY
Croy;CROY
Crumpsall Mtlk;CRUMPSL
Crystal Palace;CRYSTLP
Cuddington;CUDNGTN
Cuffley;CUFFLEY
Culham;CULHAM
Cullompton Bus;CULLMKH
Culrain;CULRAIN
Cumbernauld;CMBRNLD
Cumbrae;CUMBRAE
Cupar;CUPAR
Curriehill;CURRIEH
Custom House Crossrail;CUSTMHS
Cuxton;CXTN
Cwmbach;CMBH
Cwmbran;CWMBRAN
Cynghordy;CYNGHRD
Dagenham Dock;DGNHMDC
Daisy Hill;DAISYH
Dalgety Bay;DALGETY
Dalmally;DLMALLY
Dalmarnock;DLMRNOK
Dalmeny;DLMY
Dalmeny;DLMYJN
Dalmuir;DALMUIR
Dalreoch;DLREOCH
Dalry;DALRY
Dalston (Cumbria);DALSTON
Dalston Junction;DALS
Dalston Kingsland;DALSKLD
Dalton;DALTON
Dalwhinnie;DALWHIN
Danby;DANBY
Dane Road-Mtlk;DNRD
Danescourt;DANESCT
Danzey;DANZEY
Darlington;DLTN
Darnall;DARNALL
Darsham;DARSHAM
Dartford;DARTFD
Dartmouth;DRTMTH
Dartmouth Bus;DRTMPON
Darton;DRTN
Darwen;DARWEN
Datchet;DATCHET
Davenport;DAVNPRT
Daventry Bus;CATZDVR
Dawlish;DAWLISH
Dawlish Warren;DAWLSHW
Deal;DEAL
Dean;DEAN
Dean Forest Railway;LYDNQDF
Deansgate;MNCRDGT
Deganwy;DEGANWY
Deighton;DEIGHTN
Delamere;DELAMER
Denby Dale;DNDL
Denham;DENHAM
Denham Golf Club;DENHMGC
Denmark Hill;DENMRKH
Dent;DENT
Denton;DNTON
Deptford;DEPTFD
Deptford Bridge Dlr;DPTFBD
Derby;DRBY
Derby Road (Ipswich);DERBYRD
Dereham (Coach);CATZQDM
Dereham Konectbus;CATZQDK
Dereham Market Place;PBRODMP
Derker Mtlk;DERKER
Devizes Bus;DEVIZES
Devonport;DEVNARB
Devonport;DEVNPRT
Dewsbury;DWBY
Didcot Parkway;DIDCOTP
Didcot Parkway;DIDCTEJ
Didcot Parkway;DIDCTNJ
Didsbury Village Mtlk;MNCRDVM
Digby & Sowton;DIGBY
Dilton Marsh;DILTONM
Dinas (Rhondda);DINASR
Dinas Powys;DINASP
Dingle Road;DGLROAD
Dingwall;DINGWAL
Dinsdale;DINSDAL
Dinting;DNTG
Disley;DISLEY
Diss;DISS
Dockyard (Devonport);DOCKYDP
Dodworth;DODWRTH
Dolau;DOLAU
Doleham;DOLEHAM
Dolgarrog;DOLGARG
Dolwyddelan;DLWYDLN
Doncaster;DONC
Doncaster Airport Bus;DONCRHA
Dorchester South;DRCHS
Dorchester West;DRCHW
Dore & Totley;DORE
Dore & Totley;DOREWJ
Dorking;DORKING
Dorking Deepdene;DEPDENE
Dorking West;DRKGW
Dormans;DORMANS
Dorridge;DORIDGE
Douglas Iom;DOUGLAS
Dove Holes;DVHL
Dover Priory;DOVERP
Dovercourt;DOVRCRT
Dovey Junction;DOVYJN
Downham Market;DOWNHAM
Drayton Green;DRAYGRN
Drayton Park;DRYP
Drem;DREMJ
Driffield;DRIFILD
Drigg;DRIGG
Drogheda (Cie;CATZDRA
Droitwich Spa;DRTWCHS
Dromod (Cie;CATZDMD
Dronfield;DRONFLD
Droylesden Mtlk;MNCRDML
Drumchapel;DRMCHPL
Drumfrochar;DRMFCHR
Drumgelloch;DRMGLCH
Drumry;DRUMRY
Dublin Connolly (Cie);DUBLINC
Dublin Fypt I.F;DUBLINF
Dublin Heuston (Cie);DUBLINH
Dublin Pearse (Cie);CATZDBP
Dublin Port Stena;DUBLFST
Duddeston;DUDESTN
Dudley Port;DUDLPT
Duffield;DUFIELD
Duirinish;DUIRNSH
Duke Street;DUKEST
Dullingham;DULNGHM
Duloe(Causeland);DULOE
Dumbarton Central;DMBRTNC
Dumbarton East;DMBRTNE
Dumbreck;DUMBRCK
Dumfries;DUMFRES
Dumpton Park;DUMPTNP
Dun Laoghaire (Civ);DUNLHRM
Dunbar;DUNBAR
Dunblane;DUNANE
Duncraig;DUNCRAG
Dundalk (Cie;CATZDUK
Dundee;DUNDETB
Dunfermline Queen Margaret;DNFRMQM
Dunfermline Town;DNFRMLE
Dunkeld & Birnam;DUNKELD
Dunlop;DNLP
Dunoon;DUNOON
Dunrobin Castle;DNROBIN
Duns;DUNS
Dunster Bus;DNSRSTP
Dunston;DNSN
Dunton Green;DTNG
Durham;DRHM
Durrington-On-Sea;DRNGTOS
Dyce;DYCE
Dyffryn Ardudwy;DYFRYNA
E Didsbury Mtlk;MNCREDM
Eaglescliffe;EGLSCLF
Ealing Broadway;ACTONW
Ealing Broadway;EALINGB
Earlestown;ERLSTWN
Earley;ERLY
Earls Court Und;ELCT
Earlsfield;ERLFLD
Earlston;ELSN
Earlswood (Surrey);EARLSWD
Earlswood (West Midlands);ELWD
East Boldon;EBOLDON
East Croydon;ECROYDN
East Didsbury;EDIDBRY
East Dulwich;EDULWCH
East Farleigh;EFARBUS
East Farleigh;EFARLGH
East Garforth;EGRFRTH
East Grinstead;EGRNSTD
East Ham Und;EASTHAM
East Kilbride;EKILBRD
East M Air/DBY;EMPKAIR
East M Air/EMD;EMPKAR3
East M Air/NOT;EMPKAR2
East Malling;EMALING
East Midlands Parkway;EMPKWAY
East Tilbury;ETILBRY
East Worthing;EWRTHNG
Eastbourne;EBOURNE
Eastbrook;EASTBRK
Easterhouse;ESHS
Eastham Rake;ESTHRAK
Eastleigh;ELGH
Eastmid Designer;ALFREMD
Eastrington;ESTRNGT
Ebbsfleet Intciv;EBSFLTI
Ebbsfleet International;EBSFDOM
Ebbsfleet International;EBSFEJN
Ebbw Vale Parkway;EBWVPWY
Ebbw Vale Town;EBWVTN
Eccles;ECCLES
Eccles Mtlk;MNCRECC
Eccles Road;ECLR
Eccleston Park;ECPK
Edale;EDALE
Edb Apt Bus/TRAM;EDINAIR
Eden Park;EDPK
Eden Project Bus;STAUEDE
Edenbridge;EDNB
Edenbridge Town;EDNT
Edge Hill;EDGH
Edge Lane Mtlk;MNCRELM
Edgeworthstown (Cie);CATZMOM
Edinburgh;EDINBUR
Edinburgh Gateway;EDINGWY
Edinburgh Park;EDINPRK
Edmonton Green;EDMNGRN
Effingham Junction;EFNGHMJ
Eggesford;EGGESFD
Egham;EGHAM
Egton;EGTON
Elephant & Castle;ELPHNAC
Elgin;ELGIN
Ellesmere Port;ELSMPRT
Elmers End;ELMERSE
Elmstead Woods;ELMW
Elmswell;ELMSWEL
Elsecar;ELSC
Elsenham;ELSENHM
Elstree & Borehamwood;ELTR
Eltham;ELTHAM
Elton & Orston;ELTON
Ely;ELYY
Embankment Und;EMBKMNT
Emerson Park;EMRSPKH
Emr Destination;CATZQED
Emr Origin;CATZQEO
Emsworth;EMSWTH
Energlyn & Churchill Park;ERGNCHP
Enfield (Cie;CATZEFD
Enfield Chase;ENFC
Enfield Lock;ENFLDLK
Enfield Town;ENFLDTN
Ennis (Cie;CATZENN
Enniscorthy (Cie;ENISCTY
Entwistle;ENTWISL
Epsom;EPSM
Epsom Downs;EPSDNS
Erdington;ERDNGTN
Eridge;ERIDGE
Eridge A26 Bus S;ERIDBUS
Erith;ERITH
Esher;ESHER
Eskbank;ESKBANK
Essex Road;ESSEXRD
Etchingham;ETCHNGM
Etihad Camp Mtlk;MNCRECM
Euxton Balshaw Lane;EUXT
Evesham;EVESHAM
Ewell East;EWELLE
Ewell West;EWELW
Exchge Quay Mtlk;MNCREQY
Exeter Central;EXETERC
Exeter St Davids;EXETRSD
Exeter St Thomas;EXETRST
Exhibition Centre (Glasgow);EXHIBTC
Exmouth;EXMOUTH
Exton;EXTON
Eynsford;EYNSFD
Eythorne Ekr;CATZ010
Failsworth Mtlk;FALSWTH
Fairbourne;FRBN
Fairfield;FRFD
Fairlie;FAIRLIE
Fairwater;FRWATER
Falconwood;FALCNWD
Falkirk Grahamston;FALKRKG
Falkirk High;FALKRKH
Falls Of Cruachan;FLSCRHN
Falmer;FAMR
Falmouth Docks;FALMTHD
Falmouth Town;FALMTHT
Fareham;FAREHAM
Faringdon Bus;CATZFAX
Farnborough (Main);FRBRMN
Farnborough North;FRBRNTH
Farncombe;FRNCMB
Farnham;FARNHAM
Farningham Road;FRNNGRD
Farnworth;FRNW
Farranfore (Cie;CATZFAR
Farringdon;FRNDNLT
Farringdon Mtr;FRNDXR
Fauldhouse;FAULDHS
Faversham;FAVRSHM
Faygate;FAYGATE
Fazakerley;FAZKRLY
Fearn;FEARN
Featherstone;FTHRSTN
Felixstowe;FLXSTOW
Fellgate Metro;FELL
Feltham;FELTHAM
Feniton;FENITON
Fenny Stratford;FSTR
Fernhill;FERNHIL
Ferriby;FERRIBY
Ferryside;FYSD
Ffairfach;FFAIRFC
Filey;FILEY
Filton Abbey Wood;FILTNEW
Finchley Road & Frognal;FNCHLYR
Finchley Road Und;FNCHMET
Finsbury Park;FNPK
Finstock;FINSTCK
Firswood Mtlk;MNCRRFW
Fishbourne (Sussex);FSHBBUS
Fishbourne (Sussex);FSHBORN
Fishersgate;FSHRSGT
Fishguard & Goodwick;FGDHGWK
Fishguard Harbour;FGDHBR
Fiskerton;FISKRTN
Fitzwilliam;FITZWLM
Five Ways;FIVEWYS
Fleet;FLEET
Flimby;FLIMBY
Flint;FLINT
Flitwick;FLITWCK
Flixton;FLIXTON
Flowery Field;FLWRYFD
Folkestone Central;FLKSTNC
Folkestone West;FLKSTNW
Ford;FORD
Forest Gate;FRSTGT
Forest Gate;FRSTGTJ
Forest Hill;FORESTH
Formby;FORMBY
Forres;FORRES
Forsinard;FORSNRD
Fort Matilda;FRTMTLD
Fort William;FRTWLM
Fota (Cie;CATZFOT
Four Oaks;FOUROKS
Fowey Bus;FOWESHT
Foxfield;FOXFILD
Foxford (Cie;CATZFXF
Foxton;FOXTON
Frant;FRANT
Fratton;FRATGSA
Fratton;FRATTON
Freehold Mtlk;MNCRFHM
Freshfield;FRSHFLD
Freshford;FRESHFD
Freshford;FRESVIL
Frimley;FRIMLEY
Frinton-On-Sea;FRINTON
Frizinghall;FRZNGHL
Frodsham;FRDSHM
Frome;FROME
Fulwell;FULWELL
Furness Vale;FURNESV
Furze Platt;FURZEP
Gainsborough Central;GBROC
Gainsborough Lea Road;GBGHLRD
Galashiels;GALASLS
Galashiels V Bwk;BRWCGAL
Galway (Cie;GALWAY
Garelochhead;GRLCHHD
Garforth;GARFRTH
Gargrave;GRGRAVE
Garrowhill;GARROWH
Garscadden;GSCD
Garsdale;GARSDLE
Garston (Herts);GRSTH
Garswood;GARW
Gartcosh;GRTCSH
Garth (Bridgend);GRTHMG
Garth (Powys);GARTH
Garve;GARVE
Gathurst;GATHRST
Gatley;GATLEY
Gatwick Airport;GTWK
Georgemas Junction;GRGMASJ
Gerrards Cross;GERRDSX
Gidea Park;GIDEAPK
Giffnock;GIFNOCK
Giggleswick;GGLSWCK
Gilberdyke;GLBRDYK
Gilfach Fargoed;GLFCHFR
Gillingham (Dorset);GLHM
Gillingham (Kent);GLNGHMK
Gilshochill;LAMBH
Gipsy Hill;GIPSYH
Girvan;GIRVAN
Glaisdale;GLAISDL
Glan Conwy;GLNCNWY
Glasgow Airport;GLGAPT
Glasgow Cent Ll;GLGCLL
Glasgow Central;GLGC
Glasgow Qs Ll;GLGQLL
Glasgow Queen Street;GLGQHL
Glasgow Subway;CATZQGS
Glasshoughton;GLASHTN
Glastonbury Bus;GLSTHAL
Glazebrook;GLAZBRK
Gleneagles;GLNEGLS
Glenfinnan;GLNFNNN
Glengarnock;GLGN
Glenrothes With Thornton;GLNRTHS
Glossop;GLSP
Gloucester;BNWDJN
Gloucester;GLOSTER
Glounthaune (Cie;CATZ002
Glynde;GLYNDE
Gobowen;GOBOWEN
Godalming;GDLMING
Godley;GODLY
Godstone;GODSTON
Goldthorpe;GLDTHRP
Golf Street;GOLFSTR
Golflink 2015;CATZQGL
Golspie;GOLSPIE
Gomshall;GOMSHAL
Goodmayes;GODMAYS
Goodrington Sands;GOODSND
Goole;GOOLE
Goostrey;GOOSTRY
Gordon Hill;GORDONH
Gorebridge;GOREBRG
Gorey (Cie;CATZGOY
Goring & Streatley;GORASTR
Goring-By-Sea;GORNGBS
Gort (Cie;CATZ003
Gorton;GORTON
Gospel Oak;GOSPLOK
Gospel Oak;GOSPMAN
Gosport Bus E1/E2;GOSTBUS
Gosport Ferry;GOFER
Gourock;GOUROCK
Gourock;GOURSTN
Gourock Pier;GOURPIE
Gowerton;GOWERTN
Goxhill;GOXHILL
Grange Park;GRPK
Grange-Over-Sands;GOVS
Grangetown (Cardiff);GNTN
Grantham;GTHM
Grateley;GRATELY
Gravelly Hill;GRAVLYH
Gravesend;GRVSEND
Gravesend Piers;GRVSFRY
Gravesend Piers;GRVSWSP
Grays;GRAYS
Great Ayton;GTAYTON
Great Bentley;GTBNTLY
Great Chesterford;GTCHSFD
Great Coates;GTCOATS
Great Malvern;GTMLVRN
Great Missenden;GTMSNDN
Great Yarmouth;YARMTH
Green Lane;GNLN
Green Road;GREENRD
Greenbank;GBNK
Greenfaulds;GRNFLDS
Greenfield;GFLD
Greenford;GFORD
Greenford;GFORDEJ
Greenford;GFORDWJ
Greenhithe For Bluewater;GNHT
Greenhithe For Bluewater;GNHTRI
Greenock Central;GRENCKC
Greenock West;GRENCKW
Greenwich;GNWH
Gretna Green;GRETGRN
Greystones (Cie;CATZGSO
Grimsby Docks;GRMSBYD
Grimsby Town;GRMSBYT
Grindleford;GRNDLFD
Grosmont;GROSMNT
Grove Park;GRVPK
Guide Bridge;GIDB
Guildford;GUILDFD
Guiseley;GUISELY
Gunnersbury;GNRSBRY
Gunnislake;GUNISLK
Gunton;GUNTON
Gwersyllt;GWRSYLT
Gypsy Lane;GYPSYLA
Habrough;HABRO
Hackbridge;HKBG
Hackney Central;HACKNYC
Hackney Downs;HAKNYNM
Hackney Wick;HACKNYW
Haddenham & Thame Parkway;HADMATP
Haddiscoe;HADISCO
Hadfield;HADFILD
Hadley Wood;HADLYWD
Hag Fold;HAGFOLD
Haggerston;HAGGERS
Hagley;HAGLEY
Hairmyres;HARMYRS
Hale;HALE
Halesworth;HALSWTH
Halewood;HALW
Halifax;HLFX
Hall Green;HLGN
Hall Road;HALLRD
Hall-I'-Th'-Wood;HITW
Halling;HALG
Haltwhistle;HLTWHST
Ham Street;HMST
Hamble;HMBLE
Hamilton Central;HAMLTNC
Hamilton West;HAMLTNW
Hammerton;HAMERTN
Hampden Park (Sussex);HMPDNPK
Hampstead Heath;HMPSTDH
Hamptn Ct Flower;CATZQHC
Hampton (London);HAMPTON
Hampton Court;HCRT
Hampton Wick;HAMWICK
Hampton-In-Arden;HMPTNIA
Hamstead (Birmingham);HAMSTED
Hamworthy;HMWTHY
Hanborough;HANDBRO
Handforth;HNDFRTH
Hanley Bus Stn;STOKHAN
Hanwell;HANWELL
Hapton;HAPTON
Harbour Cty Mtlk;MNCRHBC
Harlech;HRLC
Harlesden;HARLSDN
Harling Road;HRLNGRD
Harlington (Bedfordshire);HRLG
Harlow Mill;HRLWMIL
Harlow Town;HRLWTWN
Harold Wood;HRLDWOD
Harpenden;HRPNDN
Harrietsham;HRSM
Harringay;HRGY
Harringay Green Lanes;HRGYGL
Harrington;HNGT
Harrogate;HAGT
Harrow & Wealdstone;HROW
Harrow & Wealdstone;HROWDC
Harrow-On-The-Hill;HAROOTH
Hartford (Cheshire);HARTFD
Hartlebury;HBRY
Hartlepool;HRTLEPL
Hartwood;HRTW
Harwich International;PRKSTON
Harwich Town;HARWICH
Haslemere;HASLEMR
Hassocks;HASOCKS
Hastings;HASTING
Hatch End;HTCHEND
Hatfield & Stainforth;HTFLASF
Hatfield (Herts);HATFILD
Hatfield Peverel;HFLPEVL
Hathersage;HATHRSG
Hattersley;HATRSLY
Hatton;HATTON
Havant;HAVANT
Havenhouse;HAVENHS
Haverfordwest;HAVRFDW
Hawarden;HAWARDN
Hawarden Bridge;HAWDNBG
Hawes;HAWESMP
Hawkhead;HWKHEAD
Haydon Bridge;HYDB
Haydons Road;HYDNSRD
Hayes & Harlington;HAYESAH
Hayes (Kent);HAYS
Hayle;HAYLE
Haymarket;HAYMRKT
Haywards Heath;HYWRDSH
Hazel Grove;HAZL
Headcorn;HEADCRN
Headingley;HEDNGLY
Headstone Lane;HEDSTNL
Heald Green;HLDG
Healing;HEALING
Heath High Level;HEATHHL
Heath Low Level;HEATHLL
Heathrow Central Bus Stn;HTRWCBS
Heathrow T2 Bus;HTRBUS2
Heathrow T2 Bus;HTRWTM2
Heathrow T2 Bus;LHRBT2
Heathrow T3 Bus;HTRBUS3
Heathrow T3 Bus;HTRWTM3
Heathrow T3 Bus;LHRBT3
Heathrow T5 Bus;HTRBUS5
Heathrow Terminal 4;HTRWTM4
Heathrow Terminal 4 Buses Only;HTRBUS4
Heathrow Terminal 4 Buses Only;LHRBT4
Heathrow Terminal 5;HTRWTM5
Heathrow Terminals 2 & 3;HTRWAPT
Heathrow Underground;HTRWUND
Heaton Chapel;HTCP
Heaton Park Mtlk;HTPK
Hebden Bridge;HBDNBDG
Heckington;HCKNGTN
Hedge End;HEDGEND
Hednesford;HDNS
Heighington;HGHNGTN
Helensburgh Central;HLNSBRC
Helensburgh Upper;HLNSBRU
Hellifield;HELIFLD
Helmsdale;HELMSDL
Helsby;HELSBY
Helston Bus;HLSTCOI
Helston Bus;HLSTWOO
Hemel Hempstead;HEMLHMP
Hendon;HDON
Hengoed;HENGOED
Henley-In-Arden;HENLYIA
Henley-On-Thames;HNLYOT
Hensall;HENSALL
Hereford;HEREFRD
Herne Bay;HRNEBAY
Herne Hill;HERNEH
Hersham;HERSHAM
Hertford East;HERTFDE
Hertford North;HFDN
Hessle;HESSLE
Heswall;HESWALL
Hever;HEVER
Hever Brocasfarm;HEVEBUS
Heworth;HEWORTH
Heworth (Metro);HEWOMTR
Hexham;HEXHAM
Heyford;HEYFORD
Heysham Port;HEYMST
Heysham Port;HEYSHBR
High Barnet Und;HIGBRNT
High Brooms;HBROOMS
High Street (Glasgow);GLGHST
High Wycombe;HWYCOMB
Higham;HIGM
Highams Park;HGHMSPK
Highbridge & Burnham;HGHBRDG
Highbury & Islington;HGHI
Highbury & Islington Nll;HIGHBYA
Highbury & Islington Nll;HIGHBYE
Hightown;HITN
Hildenborough;HLDNBRO
Hillfoot;HLFT
Hillingdon Und;HLNDBUS
Hillingdon Und;HLNDLT
Hillington East;HLNGTNE
Hillington West;HLNGTNW
Hillside;HILLSID
Hilsea;HILSEA
Hinchley Wood;HNCHLYW
Hinckley;HINCKLY
Hindley;HINDLEY
Hinton Admiral;HINTONA
Hitchin;HITCHIN
Hither Green;HTHRGRN
Hockley;HOCKLEY
Hoek Van Holland;HOEKVHL
Hollingbourne;HBRN
Hollinwood Mtlk;HOLINWS
Holloway Rd Und;HLWYRLT
Holmes Chapel;HCHP
Holmwood;HLMW
Holsworthy Bus;HOLSCAT
Holsworthy Bus;HOLSCHR
Holsworthy Bus;HOLSLIB
Holt Town Mtlk;MNCRHTM
Holton Heath;HOLTONH
Holyhead;HLYH
Holytown;HOLYTNJ
Holytown;HOLYTWN
Homerton;HOMRTON
Honeybourne;HONYBRN
Honiton;HONITNS
Honiton;HONITON
Honley;HONLEY
Honor Oak Park;HONROPK
Hook;HOOK
Hooton;HOOTON
Hope (Derbyshire);HOPD
Hope (Flintshire);HOPC
Hopton Heath;HOPTONH
Horden;HORD
Horley;HORLEY
Hornbeam Park;HRNBPK
Hornsey;HRNSY
Horsforth;HSFT
Horsham;HORSHAM
Horsley;HRSLEY
Horton-In-Ribblesdale;HTNRIBL
Horwich Parkway;HORWICH
Hoscar;HOSCAR
Hough Green;HOUGHGR
Hounslow;HOUNSLW
Hove;HOVE
Hoveton & Wroxham;WROXHAM
How Wood (Hertfordshire);HOWWOOD
Howden;HOWDEN
Howwood (Renfrewshire);HOWOOD
Hoxton;HOXTON
Hoylake;HOYLAKE
Hubberts Bridge;HBRTBDG
Hucknall;HUCKNAL
Huddersfield;HDRSFLD
Hull;HULL
Hull Bus Stn;HULLBS
Humphrey Park;HMPHRYP
Huncoat;HUNCOAT
Hungerford;HUNGRFD
Hunmanby;HUNMNBY
Hunstanton Bus;HNSTNTN
Huntingdon;HNTNGDN
Huntly;HNTL
Hunts Cross;HUNTSX
Hurst Green;HRSTGRN
Hutton Cranswick;HTNCRNS
Huyton;HUYTJUN
Huyton;HUYTON
Hyde Central;HYDEC
Hyde North;HYDEN
Hykeham;HYKEHAM
Hyndland;HYNDLND
Hythe (Essex);CLCHHYT
Idridgehay;CATZ008
Ifield;IFIELD
Ilford;ILFORD
Ilkeston;ILKES
Ilkley;ILKLEY
Imperial Wharf;CSEAH
Ince & Elton;INEL
Ince (Manchester);INCE
Ingatestone;INGTSTN
Insch;INSCH
Invergordon;IVRGRD
Invergowrie;INVGWRE
Inverkeithing;IVRKTHG
Inverkip;INVERKP
Inverness;IVRNESS
Invershin;INVRSHN
Inverurie;INVURIE
Ipswich;IPSWICH
Irlam;IRLAM
Irvine;IRVN
Isleworth;ISLEWTH
Islip;ISLIP
Iver;IVER
Ivybridge;IVYBDGE
James Cook University Hospital;JAMCOK
Jewellery Quarter;BHAMJEW
Johnston (Pembs);JHNSTND
Johnstone (Renfrewshire);JOHNSTN
Jordanhill;JORDANH
Kearsley;KEARSLY
Kearsney;KSNY
Keighley;KEIGHLY
Keith;KEITH
Kelvedon;KELVEDN
Kelvindale;DAWSHLM
Kemble;KEMBLE
Kempston Hardwick;KMPSTNH
Kempton Park;KMPTNPK
Kemsing;KEMSING
Kemsley;KMSLY
Kendal;KENDAL
Kenilworth;KENLSTN
Kenilworth;KENLWTH
Kenley;KNLY
Kenley (A22);KNLYBUS
Kennett;KENNETT
Kennishead;KENISHD
Kensal Green;KENSLG
Kensal Rise;KENR
Kensington Olympia;KENOLYM
Kent House;KENTHOS
Kentish Town;KNTSHTN
Kentish Town West;KNTSHTW
Kenton;KTON
Kents Bank;KTBK
Kettering;KETR
Kettering Pb Bus;PBROKET
Kew Bridge;KEWBDGE
Kew Gardens;KEWGRDN
Keyham;KEYHAM
Keynsham;KEYNSCH
Keynsham;KEYNSHM
Kidbrooke;KIDBROK
Kidderminster;KDRMNST
Kidsgrove;KIDSGRV
Kidwelly;KIDWELY
Kilburn High Road;KLBRNHR
Kildale;KLDL
Kildare (Cie;CATZKDR
Kildonan;KILDONN
Kilgetty;KILGETY
Kilkenny (Cie;CATZKNY
Killarney (Cie;KILARNY
Kilmarnock;KILMRNK
Kilmaurs;KLMAURS
Kilpatrick;KLPTRCK
Kilwinning;KILWNNG
Kinbrace;KINBRAC
Kingham;KINGHAM
Kinghorn;KGHN
Kings Cross Und;CATEZKX
Kings Langley;KLGL
Kings Lynn;KLYNN
Kings Lynn Busgn;KLYNBUS
Kings Lynn Coach;PBROKLB
Kings Norton;KNORTON
Kings Nympton;KNYMPTN
Kings Park;KGPK
Kings Sutton;KINSSTN
Kings Sutton;KINSVSQ
Kingsbridge Bus;KNGBQUY
Kingsknowe;KNGW
Kingston;KGSTON
Kingsway Bp Mtlk;MNCRKBM
Kingswear;DMTHKWR
Kingswood;KGWD
Kingussie;KGUSSIE
Kintbury;KNTBRY
Kintore;KINTORE
Kirby Cross;KIRBYX
Kirk Sandall;KKSNDAL
Kirkby (Merseyside);KKBY
Kirkby Stephen;KSTP
Kirkby-In-Ashfield;KRKYCEN
Kirkby-In-Furness;KRKBYIF
Kirkcaldy;KCLD
Kirkconnel;KRKC
Kirkdale;KRKDALE
Kirkham & Wesham;KIRKHAM
Kirkham & Wesham;KIRKMNJ
Kirkhill;KRKH
Kirknewton;KRKNWTN
Kirkstall Forge;KRKSLFR
Kirkwood;KRKWOOD
Kirton Lindsey;KRTNLND
Kiveton Bridge;KVTNBDG
Kiveton Park;KVTNPK
Knaresborough;KNRSBGH
Knebworth;KNEBWTH
Knighton;KNIGHTN
Knockholt;KNCKHLT
Knottingley;KNTNGLY
Knucklas;KNUCKLS
Knutsford;KNUTSFD
Kyle Of Lochalsh;KYLELSH
Ladybank;LADYBNK
Ladywell;LDYW
Ladywell Mtlk;MNCRLDW
Laindon;LAINDON
Lairg;LAIRG
Lake;LAKEIOW
Lakenheath;LAKNHTH
Lampeter;LMPTBLL
Lamphey;LAMPHEY
Lanark;LANARK
Lancaster;LANCSTR
Lancing;LNCG
Landywood;LNDYW
Langbank;LGBK
Langho;LGHO
Langley (Berkshire);LANGLEY
Langley (Berkshire);LANGTCR
Langley Green;LGRN
Langley Mill;LGML
Langside;LNSD
Langwathby;LWBY
Langwith - Whaley Thorns;LGWITH
Langworthy Mtlk;MNCRLWY
Lapford;LAPFORD
Lapworth;LAPWRTH
Larbert;LARBERT
Largs;LARGS
Larkhall;LARKHAL
Laurencekirk;LRNCKRK
Lawrence Hill;LAWRNCH
Layton (Lancs);LAYTON
Lazonby & Kirkoswald;LAZKRKO
Lea Bridge;LEABDGE
Lea Green;LEGR
Lea Hall;LEAHALL
Leagrave;LEAGRVE
Lealholm;LEALHLM
Leamington Spa;LMNGTNS
Leasowe;LEASOWE
Leatherhead;LETHRHD
Ledbury;LDBURY
Lee (London);LEEE
Leeds;LEEDS
Leeds Brd Airbus;HSFTLBD
Leeds Castle;CATZ014
Leeds Fest Bus;LEEDSFB
Leicester;LESTER
Leigh (Kent);LEIGHK
Leigh Fleurdelis;LEIGBUS
Leigh-On-Sea;LHONSEA
Leighton Buzzard;LTNBZRD
Leiston-Bus 64;LEISTON
Lelant;LELANT
Lelant Saltings;LELANTS
Lenham;LENHAM
Lenzie;LENZIE
Leominster;LEOMBUS
Leominster;LEOMNST
Letchworth Garden City;LTCE
Leuchars;LEUCHRS
Levenshulme;LVHM
Lewes;LEWES
Lewisham;LEWISHM
Leyland;LEYLAND
Leyton Midland Road;LEYTNMR
Leytonstone High Road;LYTNSHR
Lichfield City;LCHC
Lichfield Trent Valley;LCHTNJ
Lichfield Trent Valley;LCHTTVL
Lichfield Trent Valley Hl;LCHTTVH
Lidlington;LDLNGTN
Limehouse;LIMHSE
Limerick (Cie;LIMERIC
Limerick Junction (Cie;LIMERCJ
Lincoln;LINCLNC
Lingfield;LINGFLD
Lingwood;LGWOOD
Linlithgow;LNLTHGW
Liphook;LIPHOOK
Lisburn Ni;CATZLBN
Liskeard;LISKARD
Liss;LISS
Lisvane & Thornhill;LTHH
Little Kimble;LTLKMBL
Little Sutton;LTLSUTN
Littleborough;LITLBRO
Littlehampton;LTLHMPT
Littlehaven;LHVN
Littlehaven;LHVNBUS
Littleport;LTLPORT
Liverpool Central;LVRPLCH
Liverpool Central;LVRPLCL
Liverpool James Street;JAMESST
Liverpool Lime Street;LVRPLSH
Liverpool Lime Street Ll;LVRPLSL
Liverpool Lnd Sg;LVRPLSG
Liverpool South Parkway;LVRPSPY
Liverpool South Parkway Hl;ALERTN
Liverpool Street Mtr;LIVSTLL
Livingston North;LVNSTNN
Livingston South;LVNSTNS
Llanaber;LNAB
Llanbedr;LBDR
Llanbister Road;LLBSTRD
Llanbradach;LLBRDCH
Llandaf;LLANDAF
Llandanwg;LNDW
Llandecwyn;LNDC
Llandeilo;LLDEILO
Llandovery;LLDVERY
Llandrindod;LLDODW
Llandudno;LUDO
Llandudno Junction;LANDUDJ
Llandybie;LLDYBIE
Llanelli;LLNLLI
Llanfairfechan;LANFRFC
Llanfairpwll;LFPW
Llangadog;LLGADOG
Llangammarch;LLGMMRW
Llangennech;LLGNNCH
Llangynllo;LLGUNLO
Llanharan;LLHARAN
Llanhilleth;LLHLETH
Llanishen;LLISHEN
Llanrwst;LNRWST
Llansamlet;LLNSMLT
Llantwit Major;LLNWTMR
Llanwrda;LLWRDA
Llanwrtyd;LLWRTYW
Llwyngwril;LYNGRIL
Llwynypia;LLWYNYP
Loch Awe;LOCHAWE
Loch Eil Outward Bound;LCEILOB
Lochailort;LCHALRT
Lochboisdale;LCHBSDL
Locheilside;LCHESDE
Lochgelly;LCHGLLY
Lochluichart;LCHLCHR
Lochwinnoch;LCHWNCH
Lockerbie;LCKRBIE
Lockwood;LKWD
London Blackfriars;BLFR
London Bridge;LNDNBDC
London Bridge;LNDNBDE
London Bridge;LNDNBDG
London Cannon Street;CANONST
London Charing Cross;CHRX
London Eurostar Civ;LONDEUR
London Euston;EUSTON
London Fenchurch Street;FENCHRS
London Fields;LONFLDS
London International(Civ);LONDINT
London Kings Cross;KNGX
London Liverpool Street;LIVST
London Marylebone;MARYLBN
London Paddington;PADTON
London Paddington Crossrl;PADTLL
London Road (Brighton);BRGHLRD
London Road (Guildford);LRDGFD
London Road D R;BRGHBUS
London St Pancras;STPADOM
London St Pancras;STPX
London St Pancras Intl;STPANCI
London St Pancras Ll;STPXBOX
London Victoria;VICTRIA
London Victoria;VICTRIC
London Victoria;VICTRIE
London Waterloo;WATRINT
London Waterloo;WATRLMN
London Waterloo;WATRLOO
London Waterloo;WATRLOW
London Waterloo East;WLOE
Londonderry Ni;LDRY
Long Buckby;LNGBKBY
Long Eaton;LNGEATN
Long Marston;CATZ009
Long Marston;LNGMSTN
Long Preston;LPRESTN
Long Preston;SETTLEJ
Longbeck;LONGBCK
Longbridge;LONB
Longcross;LNGCROS
Longfield;LGFD
Longford (Cie;CATZLFO
Longniddry;LNGNDRY
Longport;LNGP
Longton;LNTN
Looe;LOOE
Lostock;LOSTCKP
Lostock Gralam;LSTG
Lostock Hall;LSTH
Lostwithiel;LSTWTHL
Loughborough;LOGHBRO
Loughborough Junction;LBGHJN
Loughbro Uni Bus;LOGHUNI
Low Moor;LOWMOOR
Lowdham;LOWDHAM
Lower Sydenham;LSYDNHM
Lowestoft;LOWSTFT
Lpool Airprt Bus;LVRPJLA
Ludlow;LUDLCST
Ludlow;LUDLOW
Luton;LUTON
Luton Airport;LUTNAIR
Luton Airport Parkway;LUTOAPY
Luton Bus;LUTOBUS
Luxulyan;LUXULYN
Lydney;LYDNEY
Lye;LYEE
Lyme Regis Bus X51/X53;CATZLPO
Lymington Pier;LMTNPIR
Lymington Town;LMTNTWN
Lympstone Commando;LYMPSTC
Lympstone Village;LYMPSTN
Lyneham Bus;LYNECMP
Lytham;LYTHAM
Macclesfield;MACLSFD
Machynlleth;MCHYNLT
Maesteg;MAESTGW
Maesteg (Ewenny Road);MAESTER
Maghull;MAGHULL
Maghull North;MAGHNTH
Maiden Newton;MDNNWTN
Maidenhead;MDNHEAD
Maidstone Barracks;MSTONEB
Maidstone East;MSTONEE
Maidstone West;MSTONEW
Malden Manor;MALDENM
Mallaig;MLAIG
Mallow (Cie;MALLOW
Malton;MALTON
Malvern Link;MLVRNLK
Man Airport Mtlk;MNCMTLK
Manchester Airport;MNCRIAP
Manchester Ctlz;CATZMCZ
Manchester Oxford Road;MNCROXR
Manchester Piccadilly;MNCRPIC
Manchester United Football Gro;MNCRUFG
Manchester Victoria;MNCRVIC
Manea;MANEA
Manningtree;MANNGTR
Manor Park;MANRPK
Manor Road;MNRD
Manorbier;MNORBER
Manors;MANORS
Mansfield;MFLDTWN
Mansfield Woodhouse;MFLDWSE
Manulla Jn (Cie;CATZMAJ
March;MRCH
Marden;MARDEN
Margate;MARGATE
Market Harborough;MRKTHRB
Market Rasen;MKTR
Markinch;MKIN
Marks Tey;MRKSTEY
Marlboro Swi Bus;MARBORO
Marlboro Swi Bus;MRLBHST
Marlow;MARLOW
Marple;MARPLE
Marsden (Yorks);MRSN
Marsden (Yorks);MRSNTC
Marske;MRSK
Marston Green;MRSTNGR
Martin Mill;MMIL
Martins Heron;MHERON
Martinsctft Mtlk;MCFMTLK
Marton;MARTON
Maryhill;MRYHILL
Maryland;MRYLAND
Maryport;MPRT
Matlock;MATLOCK
Matlock Bath;MATLCKB
Mauldeth Road;MLDTHRD
Maxwell Park;MAXWLPK
Maybole;MAYBOLE
Maynooth (Cie;CATZMAE
Maze Hill;MAZEH
Meadowhall;MEADWHL
Meadowhall;TINSLSJ
Meadowhall;WNCOJN
Media City Mtlk;MNCRMCT
Meldreth;MELDRTH
Melksham;MELKSHM
Melrose;MELROSE
Melton (Suffolk);MELTON
Melton Mowbray;MLTNSDG
Menheniot;MENHENT
Menston;MENSTON
Meols;MELS
Meols Cop;MEOLSCP
Meopham;MEOPHAM
Meridian Water;MWRWSTN
Merryton;MRRYTON
Merstham;MERSTHM
Merthyr Tydfil;MERTHYR
Merthyr Vale;MERTHRV
Metheringham;MTHRNGH
Metrocentre;GTSHDMC
Mevagissey Bus;MEVATRE
Mexborough;MEXBRGH
Micheldever;MCHLDVR
Micklefield;MCKLFLD
Middlesbrough;MDLSBRO
Middlewood;MDWD
Midgham;MIDGHAM
Midleton (Cie;CATZ004
Midsomer Ntn Bus;MIDSTHL
Milford (Surrey);MLFORD
Milford (Surrey);MLFORLP
Milford Haven;MLFDHVN
Mill Hill (Lancashire);MLHL
Mill Hill Broadway;MLHB
Millbrook (Bedfordshire);MLBRKB
Millbrook (Hampshire);MBRK
Milliken Park;MILKNPK
Millom;MLLM
Mills Hill (Manchester);MLSHILL
Millstreet (Cie;CATZMIE
Milngavie;MLGV
Milnrow Mtlk;MILNROW
Milton Keynes Central;MKNSCEN
Minehead Bus;MINEBAN
Minehead Bus;MINEPAR
Minffordd;MINFORD
Minster;MINSTER
Mira Tech Park;NNTNMIR
Mirfield;MIRFEJN
Mirfield;MIRFILD
Mistley;MISTLEY
Mitcham Eastfields;ESTFLDS
Mitcham Junction;MITCHMJ
Mobberley;MOBERLY
Mold Bus;CATZMOZ
Monasterevin(Cie;CATZ005
Monifieth;MONIFTH
Monks Risborough;MNKRISB
Monsall Mtlk;MNCRMSM
Montpelier;MONPELR
Montrose;MONTRSE
Moor Road Mtlk;MRDMTLK
Moorfields;MORFLDS
Moorfields;MORFNL
Moorgate;MRGT
Moorside;MRSD
Moorthorpe;MORTHRP
Morar;MORAR
Morchard Road;MOCHARD
Morden South;MORDENS
Morecambe;MORCAME
Moreton (Dorset);MORETON
Moreton (Dorset);MOREWWR
Moreton (Merseyside);MOTO
Moreton-In-Marsh;MINMARS
Morfa Mawddach;MFAM
Morley;MRLY
Morpeth;MRPTHRP
Mortimer;MTIMER
Mortlake;MRTLKE
Moses Gate;MSGT
Moss Side;MSSD
Mossley (Manchester);MOSSLEY
Mossley Hill;MSLH
Mosspark;MSSPARK
Moston;MSTN
Motherwell;MOTHRWL
Motspur Park;MOTSPRP
Mottingham;MOTNGHM
Mottisfont & Dunbridge;MOTFONT
Mouldsworth;MLDSWTH
Moulsecoomb;MLSECMB
Mount Florida;MTFL
Mount Vernon;MNTVRNN
Mountain Ash;MASH
Muine Bheag (Cie;CATZMBH
Muir Of Ord;MUROORD
Muirend;MUIREND
Mullingar (Cie;CATZMUL
Musselburgh;MSELBGH
Mytholmroyd;MYTHLMR
Nafferton;NAFERTN
Nailsea & Backwell;NAILSEA
Nairn;NAIRN
Nantwich;NANTWCH
Narberth;NRBERTH
Narborough;NARBRO
Navigation Road;NAVGTNR
Neath;NEATH
Needham Market;NEEDHAM
Neilston;NEILSTN
Nelson;NLSN
Nenagh (Cie;CATZNEN
Neston;NESTON
Netherfield;NTHRFLD
Nethertown;NETHRTN
Netley;NETLEY
New Barnet;NBARNET
New Beckenham;NBCKNHM
New Brighton;NBTN
New Clee;NEWCLEE
New Cross;NWCRELL
New Cross;NWCROSS
New Cross Gate;NEWXGEL
New Cross Gate;NEWXGTE
New Cumnock;NWCMNCK
New Eltham;NWELTHM
New Holland;NHOL
New Hythe;NWHYTHE
New Islngtn Mtlk;MNCRNIM
New Lane;NEWLANE
New Malden;NEWMLDN
New Mills Central;NWMILSC
New Mills Newtown;NWMILSN
New Milton;NMILTON
New Pudsey;NPUD
New Southgate;NEWSGAT
Newark Castle;NWRKCAS
Newark North Gate;NEWANG
Newbold Mtlk;MNCRNBM
Newbridge;NBRWGE
Newbridge (Cie;CATZNBG
Newbury;NEWBURY
Newbury Park Und;ILFENBP
Newbury Racecourse;NEWBRYR
Newcastle;NWCSTLE
Newcastle Airprt;AIRP
Newcastle(Metro);NWCSTLL
Newcourt;NWCOURT
Newcraighall;NCRAGHA
Newhaven Harbour;NEWHVNH
Newhaven Town;NEWHVNT
Newhey Mtlk;NHEY
Newington;NEWNGTN
Newmarket;NWMKET
Newport (Essex);NEWPRTE
Newport (South Wales);MAINDEJ
Newport (South Wales);NWPTRTG
Newquay;NEWQUAY
Newry Ni;CATZNWY
Newstead;NWSTEAD
Newtnh&MOSTNMTKL;MNCRNMM
Newton (Lanarkshire);NWTL
Newton (Lanarkshire);NWTLEJ
Newton Abbot;NABT
Newton Aycliffe;NWTA
Newton For Hyde;NWTH
Newton St Cyres;NSTCYRE
Newton-Le-Willows;NWTNLW
Newton-On-Ayr;NWTOA
Newtongrange;NWTGRNG
Newtonmore;NWTM
Newtown (Powys);NWTP
Ninian Park;NINIANP
Nitshill;NITSH
Norbiton;NRBITON
Norbury;NORBURY
Normans Bay;NRMNSBY
Normanton;NORMNTN
North Acton Underground;NACTON
North Berwick;NBERWCK
North Camp;NTHCAMP
North Dulwich;NDULWCH
North Fambridge;FAMBDGE
North Llanrwst;NLANRST
North Queensferry;NQNSFRY
North Road (Darlington);NTRD
North Sheen;NSHEEN
North Walsham;NWALSHM
North Wembley;NWEMBLY
Northallerton;NLRTN
Northampton;NMPTBAY
Northampton;NMPTN
Northern Mr Mtlk;NMRMTLK
Northfield;NRTF
Northfleet;NRTHCA
Northfleet;NRTHFLT
Northolt Park;NTHOLTP
Northumberland Park;NMBRLPK
Northwich;NTHWICH
Northwood Und;CATZZND
Norwich;NRCH
Norwood Junction;NORWDJ
Nottingham;NTNG
Nuneaton;NNTN
Nuneaton Bus Stn;NNTNBUS
Nunhead;NUNHEAD
Nunthorpe;NUNTHRP
Nutbourne;NUTBBUS
Nutbourne;NUTBORN
Nutfield;NUTFILD
Nutfield Memorial Hall;NUTFBUS
Oakengates;OAKNGTS
Oakham;OAKHAM
Oakleigh Park;OKLGHPK
Oakwood Und;ENFCOAK
Oban;OBAN
Ockendon;OCKENDN
Ockley;OCKLYAC
Okehampton;OKHMPTN
Okehampton Bus;OKHMGOP
Okehampton Bus;OKHMPFS
Okehampton Bus;OKHMPWS
Old Hill;OLHL
Old Roan;OLDROAN
Old Street;OLDST
Old Traffrd Mtlk;OLDTRFD
Oldfield Park;OLDFLBR
Oldfield Park;OLDFLDP
Oldham Ctrl Mtlk;MNCROCM
Oldham K St Mtlk;MNCROSM
Oldham Mps Mtlk;OLDHAMM
Olton;OLTON
Ore;OREE
Ormskirk;ORMSKRK
Orpington;ORPNGTN
Orrell;ORRELL
Orrell Park;ORELPKH
Otford;OTFORD
Oulton Broad North;OULTNBN
Oulton Broad South;OULTNBS
Oundle Pb Bus;PBROUND
Outwood;OUTWOOD
Overpool;OPOL
Overton;OVTN
Overton;OVTNVPO
Oxenholme Lake District;OXENHLM
Oxford;OXFD
Oxford;OXFDFSQ
Oxford Parkway;OXFPWAY
Oxford Westgate;OXFDWBU
Oxshott;OXSHOTT
Oxted;OXTED
Oxted;OXTEDBY
Paddington Und;CATZPAD
Paddock Wood;PKWD
Padgate;PADGATE
Padstow Bus;PDSTWBT
Paignton;PAIGDV
Paignton;PAIGNTN
Paisley Canal;PSLYCAN
Paisley Gilmour Street;PSLYGST
Paisley St James;PSLYSTJ
Palmers Green;PALMRSG
Pangbourne;PANGBRN
Pannal;PANNAL
Pantyffynnon;PNTYFYN
Par;PARR
Par Stn Bus Stop;PARRSTA
Parbold;PARBOLD
Park Street;PKST
Parkstone (Dorset);PSTONE
Parson Street;PARSNST
Partick;PTCK
Parton;PARTON
Patchway;PATCHWY
Patricroft;PTRCRFT
Patterton;PATERTN
Peartree;PEARTRE
Peckham Rye;PCKHMRY
Peckham Rye;PKHMRYC
Peel Hall Mtlk;PLHMTLK
Pegswood;PEGSWD
Pemberton;PBRT
Pembrey & Burry Port;PMBRYBP
Pembroke;PEMBROK
Pembroke Dock;PEMBRKD
Pen-Y-Bont;PYBONT
Penally;PNALLY
Penarth;PENARTH
Pencoed;PENCOED
Pengam;PENGAM
Penge East;PNGEE
Penge West;PENEW
Penhelig;PENHELG
Penistone;PENISTN
Penkridge;PNKRBUS
Penkridge;PNKRDG
Penmaenmawr;PNMNMWR
Penmere;PENMERE
Penrhiwceiber;PNRHCBR
Penrhyndeudraeth;PRHN
Penrith North Lakes;PNTH
Penryn;PRYN
Pensarn (Gwynedd);PSRN
Penshurst;PNSHBUS
Penshurst;PNSHRST
Pentre-Bach;PNTRBCH
Penychain;PENYCHN
Penyffordd;PNYF
Penzance;PENZNCE
Penzance Quay;PNZQUAY
Perranporth Bus;PERRBCH
Perranwell;PERANWL
Perry Barr;PRYBR
Pershore;PERSHOR
Perth;PERTH
Peterborough;PBRO
Peterbro Bus Stn;PBROBST
Petersfield;PTRSFLD
Petts Wood;PETSWD
Petts Wood;PETSWDJ
Pevensey & Westham;PVNSYAW
Pevensey Bay;PVNSYBY
Pewsey;PEWSEY
Pickering Bus;YORKPCK
Pilning;PILNING
Pinhoe;PINHOE
Pitlochry;PTLCHRY
Pitsea;PITSEA
Pleasington;PLSNGTN
Plockton;PLOCKTN
Pluckley;PLUCKLY
Plumley;PLUMLEY
Plumpton;PLMPTON
Plumstead;PLMS
Plymouth;PLYMTH
Plymouth Salt Rd;PLYMSAL
Pokesdown;POKSDWN
Polegate;POLGATE
Polesworth;PWTH
Pollokshaws East;PLKSHWE
Pollokshaws West;BUSBYJ
Pollokshaws West;PLKSHWW
Pollokshields East;PLKLHDE
Pollokshields West;PLKLHDW
Polmont;POLMONT
Polsloe Bridge;POLSBDG
Pomona Mtlk;MNCRPOM
Ponders End;PNDRSEN
Pont-Y-Pant;PNYPANT
Pontarddulais;PNTADLS
Pontefract Baghill;PTFTBHL
Pontefract Monkhill;PTFTMHL
Pontefract Tanshelf;PTFTTSF
Pontlottyn;PNTLTYN
Pontyclun;PONYCLN
Pontypool & New Inn;PONTYPL
Pontypridd;PTYPRID
Poole;POOLE
Poole Quay;POLEFT
Poppleton;POPLTON
Port Glasgow;PTGLSGW
Port Sunlight;PSLT
Port Talbot Parkway;PTALBOT
Portadown Ni;PTADOWN
Portarlngtn (Cie;CATZPRO
Portchester;PCHESTR
Porth;PORH
Porthmadog;PRTHMDG
Portlaoise (Cie;CATZPTO
Portlethen;PLTH
Portree Bus;CATZPEE
Portrush Ni;PRSH
Portslade;PSLDAWH
Portsmouth & Southsea;PSEA
Portsmouth Arms;PRTSMTA
Portsmouth Harbour;PHBR
Portsmouth Harbour;POMOHSP
Portsmouth Harbour;POMOPLD
Possilpark & Parkhouse;POSILPK
Potters Bar;POTRSBR
Poulton-Le-Fylde;PLTNLFY
Poynton;POYNTON
Prees;PREES
Prescot;PRESCOT
Prestatyn;PSTA
Prestbury;PSBY
Preston;PRST
Preston;PRSTFGT
Preston;PRSTN4B
Preston Park;PRSP
Preston Prk Ldnr;PRSPBUS
Prestonpans;PPAN
Prestwich Mtlk;PWCH
Prestwick Intl Airport;PWCKAPT
Prestwick Town;PWCK
Priesthill & Darnley;PHLD
Princes Risborough;PRINRIS
Prittlewell;PRITLWL
Prudhoe;PRUDHOE
Pulborough;PULBRO
Purfleet;PURFLET
Purley;PURLEY
Purley Oaks;PURLEYO
Putney;PUTNEY
Pwllheli;PWLHELI
Pye Corner;PYECRNR
Pyle;PYLE
Quakers Yard;QUAKRSY
Queenborough;QUENBRO
Queens Park (Glasgow);QUNPARK
Queens Park (London);QPRK
Queens Park (London);QPRKAC
Queens Road Mtlk;WDLNDSR
Queens Road Peckham;PCKHMQD
Queenstown Road (Battersea);QTRDBAT
Quintrell Downs;QNTRLDW
Radcliffe (Nottinghamshire);RADNOT
Radcliffe Mtlk;RADGM
Radlett;RADLETT
Radley;RDLEY
Radstock Bus;RADSVHL
Radyr;RADYR
Rainford;RNFD
Rainham (Essex);RNHAME
Rainham (Kent);RAINHMK
Rainhill;RHIL
Ramsgate;RAMSGTE
Ramsgreave & Wilpshire;RMSWILP
Rannoch;RANNOCH
Rathdrum (Cie;CATZRDU
Rathmore (Cie;CATZRMR
Rauceby;RAUCEBY
Ravenglass For Eskdale;RGLS
Ravensbourne;RBRN
Ravensthorpe;RTHP
Rawcliffe;RAWCLIF
Rayleigh;RAYLEGH
Raynes Park;RAYNSPK
Rchdle Stn Mtlk;MNCRRSM
Reading;RDNGORJ
Reading;RDNGSTN
Reading 4/5/6;RDNG4AB
Reading Bus;RDNGBUS
Reading West;REDGWST
Reading West;SCOTEJN
Rectory Road;RCTRYRD
Redbridge;REDBDGE
Redcar Central;REDCARC
Redcar East;REDCARE
Reddish North;REDISHN
Reddish South;REDISHS
Redditch;RDIT
Redhill;REDHILL
Redland;REDLAND
Redruth;REDRUTH
Reedham (London);REEDHMS
Reedham (Norfolk);RDHAMN
Reigate;REIGATE
Renton;RENTON
Retford;RTFD
Retford Low Level;RTFDLL
Rhiwbina;RHIWBNA
Rhoose Cardiff Intl Airport;RHOOSE
Rhosneigr;RHOSNGR
Rhyl;RHYL
Rhymney;RHYMNEY
Ribblehead;RIBLHED
Rice Lane;RICELA
Richmond (London);RICHMND
Richmond (London);RICHNLL
Richmond Yks Bus;DLTNRIM
Rickmansworth;RCKMNSW
Riddlesdown;RDLSDWN
Ridgmont;RIDGMNT
Riding Mill;RIDNGML
Risca & Pontymister;RISCA
Rishton;RISHTON
Robertsbridge;RBRTSBD
Robin Hood'S Bay Bus;ROBINHB
Robinswd Rd Mtlk;RWRMTLK
Robroyston;RBRYSTN
Roby;ROBY
Rochdale;RCHDALE
Rochdale Tc Mtlk;MNCRRCM
Roche;RCHE
Rochester;RCHT
Rochford;ROCHFD
Rock Ferry;ROCKFRY
Rock Ferry;ROCKFY1
Rock Ferry;ROCKFYB
Rogart;ROGART
Rogerstone;ROGRSTN
Rolleston;ROLSTN
Roman Bridge;ROMANBG
Romford;ROMFORD
Romiley;ROMILEY
Romsey;ROMSEY
Roose;ROOSE
Roscommon (Cie;CATZRCM
Roscrea (Cie;CATZRCR
Rose Grove;ROSG
Rose Hill Marple;ROHL
Rosslare Europort (Cie;ROSLARE
Rosslare Strand (Cie;CATZRSS
Rosyth;ROSYTH
Rotherham Central;ROTHCEN
Rotherhithe;RTHERHI
Rothesay;RSAY
Roughton Road;RGHTNRD
Roundthorn Mtlk;RDHMTLK
Rowlands Castle;RWLNDSC
Rowley Regis;ROWLEYR
Roy Bridge;ROYBDGE
Royalwtnbass Bus;WTNBHST
Roydon;ROYDON
Royston;ROYSTON
Ruabon;RUABON
Rufford;RUFDORD
Rugby;RUGBY
Rugeley Town;RUGLTWN
Rugeley Trent Valley;COLWICH
Rugeley Trent Valley;RUGL
Runcorn;RUNCORN
Runcorn East;RUNCRNE
Ruskington;RSKNGTN
Ruswarp;RUSWARP
Rutherglen;RTHGLEN
Ryde Esplanade;RYDE
Ryde Hoverport;RYDEHOV
Ryde Pier Head;RYDCATS
Ryde Pier Head;RYDP
Ryde St Johns Road;RYDS
Ryder Brow;RYDRBRW
Rye;RYEE
Rye House;RYEHOUS
Saffron Wldn Bus;SAFFWAL
Sale Mtlk;SALE
Sale W Park Mtlk;SWPMTLK
Salford Central;SLFDORD
Salford Crescent;SLFDCT
Salford Qys Mtlk;MNCRSQY
Salfords (Surrey);SALFDS
Salhouse;SALHOUS
Salisbury;SLSBRY
Salisbury;SLSBY5B
Salisbury;SLSBY6B
Saltaire;SAIR
Saltash;SASH
Saltburn;SBRN
Saltcoats;SLCT
Saltmarshe;SLTMRSH
Salwick;SALWICK
Sampford Courtenay;SAMPCRT
Sandal & Agbrigg;SABR
Sandbach;SBCH
Sanderstead;SDSD
Sandhills;SANDH
Sandhurst (Berkshire);SNDHRST
Sandling;SDLG
Sandown;SNDOWN
Sandplace;SDPLACE
Sandwell & Dudley;SNDWDUD
Sandwich;SWCH
Sandy;SNDY
Sankey For Penketh;SANKEY
Sanquhar;SANQHAR
Sarn;SARN
Saundersfoot;SDRSFOT
Saunderton;SUNDRTN
Sawbridgeworth;SBDGWTH
Saxilby;SAXILBY
Saxmundham;SXMNDHM
Scarborough;SCARBRO
Scotscalder;SCSCLDR
Scotstounhill;SCTSTNH
Scrabster;SCRBSTR
Scunthorpe;SCNTHRP
Sea Mills;SEMILLS
Seaburn;SEABURN
Seaford;SEAFORD
Seaforth & Litherland;SFRTHAL
Seaham;SEAHAM
Seahouses Bus;SEHOBUS
Seamer;SEAMER
Seascale;SEASCAL
Seaton Carew;SETNCRW
Seer Green & Jordans;SEERGRN
Selby;SELBY
Selhurst;SELHRST
Sellafield;SELAFLD
Selling;SELLING
Selly Oak;SELYOAK
Settle;SETTLE
Seven Kings;SVNKNGS
Seven Sisters;SEVNSIS
Sevenoaks;SVNOAKS
Severn Beach;SVRNBCH
Severn Tunnel Junction;SEVTNLJ
Shadowmoss Mtlk;SDMMTLK
Shadwell;SHADWEL
Shalford (Surrey);SHALFD
Shanklin;SHANKLN
Shaw & Crom Mtlk;SHCRPTN
Shawfair;SHWFAIR
Shawford;SHAWFD
Shawlands;SHWLNDS
Sheerness-On-Sea;SHRNSOS
Sheffield;SHEFFLD
Shelford (Cambridgeshire);SHELFD
Shenfield;SHENFLD
Shenstone;SHNS
Shepherds Bush;SHPDSB
Shepherds Well;SWELL
Shepley;SPLY
Shepperton;SHEPRTN
Shepreth;SHPRTH
Sherborne;SHERBRN
Sherburn-In-Elmet;SHBN
Sheringham;SHRGHAM
Shettleston;SHTLSTN
Shieldmuir;SHILDMR
Shifnal;SHIFNAL
Shildon;SHDN
Shiplake;SHPLAKE
Shipley;SHPY
Shippea Hill;SPHL
Shipton;SPTN
Shirebrook;SHRBROK
Shirehampton;SHAMPTN
Shireoaks;SHRKSKS
Shirley;SHIRLEY
Shoeburyness;SHBRYNS
Sholing;SHOLING
Shoreditch High Street;SHRDHST
Shoreham (Kent);SHRMKT
Shoreham-By-Sea;SHRHMBS
Shortlands;SHRTLND
Shortlands;SHRTLNJ
Shottle;SHOTTLE
Shotton;RCKCLFH
Shotton;SHOTTHL
Shotton;SHOTTON
Shotts;SHTT
Shrewsbury;SHRWBY
Sidcup;SIDCUP
Sidmouth Bus;CATZSDT
Sileby;SILEBY
Sileby;SILEBYJ
Silecroft;SILCRFT
Silkstone Common;SKSCMN
Silver Street;SIVRST
Silverdale;SDAL
Singer;SINGER
Sittingbourne;STNGBRN
Sixmilebrdge(Cie;CATZ006
Skegness;SKEGNES
Skewen;SKEWEN
Skipton;SKPT
Skye (Armadale);ARMADLE
Slade Green;SLADEGN
Slaithwaite;SLTHWTC
Slaithwaite;SLTHWTE
Slateford;SLATEFD
Sleaford;SLEFD
Sleights;SLEGHTS
Sligo (Cie;CATZSLI
Slough;SLOUGH
Small Heath;SMLHTH
Smallbrook Junction;SMALBRK
Smethwick Galton Bridge;GALTILL
Smethwick Galton Bridge;GALTINT
Smethwick Galton Bridge;GALTONJ
Smethwick Rolfe Street;SMTHKRS
Smithy Bridge;SMBG
Snaith;SNAITH
Snodland;SNODLND
Snowdown;SNWDNAN
Sole Street;SOLEST
Solihull;SOLIHUL
Somerleyton;SMRLYTN
Soton Town Quay;SOTNTQ
South Acton;SACTON
South Bank;STHBANK
South Bermondsey;SBRMNDS
South Croydon;SCROYDN
South Elmsall;SELMSAL
South Greenford;SGFORD
South Gyle;STHGYLE
South Hampstead;SHMPSTD
South Kenton;SKENTON
South Merton;SMERTON
South Milford;SMILFD
South Ruislip;SRUISLP
South Tottenham;STOTNHM
South Wigston;WGSTS
South Woodham Ferrers;WDHAMFR
Southall;STHALL
Southampton Airport Parkway;SOTPKWY
Southampton Central;SOTON
Southampton Central;SOTONB
Southbourne;SBOUBUS
Southbourne;SBOURNE
Southbury;SBURY
Southease;SESARDM
Southease A26;SESAA26
Southease Church;SESABUS
Southend Airport;STHEAIR
Southend Central;STHCENT
Southend East;STHNDE
Southend Victoria;STHVIC
Southminster;SMINSTR
Southport;SOUTHPT
Southsea Hoverport;SSEACLE
Southwark Lt;CATZZSO
Southwick;STHWICK
Southwold Bus;IPSWSWD
Sowerby Bridge;MLNRYDJ
Sowerby Bridge;SWRBBDG
Spalding;SPALDNG
Spean Bridge;SPEANBD
Spital;SPITAL
Spondon;SPDN
Spooner Row;SPONRRW
Spring Road;SPRD
Springburn;SPRNGBN
Springfield;SPFD
Squires Gate;SQUIRES
St Agnes Bus;CATZXPX
St Albans Abbey;STALBNA
St Albans City;STALBCY
St Andrews Bus;SANWBUS
St Andrews Road;SADWRD
St Annes-On-The-Sea;STAS
St Austell;STAUSTL
St Bees;STBEES
St Budeaux Ferry Road;STBDXFR
St Budeaux Victoria Road;STBDXVR
St Columb Road;STCLMBR
St Denys;STDENYS
St Erth;STERTH
St Germans;STGRMNS
St Helens Central;STHLNSC
St Helens Junction;STHLNSJ
St Helier (London);SHLIER
St Ives (Cornwall);STIVES
St James Park (Exeter);STJAMSP
St James Street (Walthamstow) ;STJMSST
St Johns (London);STJOHNS
St Keyne Village;STKEYNV
St Keyne Wishing Well Halt;STKEYNE
St Leonards Warrior Square;STLNRWS
St Margarets (Hertfordshire);SMARGRT
St Margarets (London);STMGTS
St Mary Cray;STMRYC
St Mary'S Quay;STMAQUY
St Michaels;STMCHLS
St Neots;STNEOTS
St Peters;SNDRMNK
St Werburgh Mtlk;MNCRSWM
Stadium Of Light;STDI
Stafford;STAFFRD
Staines;STAINES
Stallingborough;SBROUGH
Stalybridge;SBYD
Stamford;STAMFD
Stamford Hill;STMFDHL
Stanford-Le-Hope;SLEHOPE
Stanlow & Thornton;STNLWAT
Stanmore Und;STNMORE
Stansted Air Bus;STANBUS
Stansted Airport;STANAIR
Stansted Mountfitchet;STANMFC
Staplehurst;SPHS
Stapleton Road;STPLTNR
Starbeck;STARBCK
Starcross;STRCROS
Staveley;STAVELY
Stechford;STECHFD
Steeton & Silsden;STEETON
Stepps;STEPPS
Stevenage;STEVNGE
Stevenston;STVNSTN
Stewartby;STWRTBY
Stewarton;STEWRTN
Sth Chadtn Mtlk;MNCRSCM
Stirling;STIRLNG
Stockport;STKP
Stocksfield;STCKSFL
Stocksmoor;STKSMR
Stockton;STOCTON
Stoke Mandeville;STKM
Stoke Newington;STKNWNG
Stoke-On-Trent;STOKEOT
Stone (Staffs);STONE
Stone Crossing;STCR
Stone Crossing;STCRHCR
Stone Crown St;STONECS
Stone Grnvle Sq;STONEGS
Stonebridge Park;STNBGPK
Stonegate;SNGT
Stonehaven;SHVN
Stonehouse;STNHPO
Stonehouse;STNHSE
Stoneleigh;STLEIGH
Stornoway;STWY
Stourbridge Junction;STRBDG1
Stourbridge Junction;STRBDGJ
Stourbridge Town;STRBDGT
Stow;STOW
Stowmarket;HAGHLYJ
Stowmarket;STWMRKT
Stranraer;STRNRR
Stratford (London);STFD
Stratford International;STFODOM
Stratford International;STFOEJN
Stratford-Upon-Avon;SOAV
Stratford-Upon-Avon Parkway;SOAVPWY
Stratfrd Int(Civ;STFORDI
Strathcarron;STCN
Strawberry Hill;STRWBYH
Streatham;STRETHM
Streatham Common;STRHCOM
Streatham Hill;STRHILL
Street Bus;STETLEI
Streethouse;STHS
Stretford Mtlk;SFRD
Strines;STRINES
Stromeferry;STRMFRY
Stromness Orkney;SNSS
Strood (Kent);STROOD
Stroud (Glos);STRUD
Stroud (Glos);STRUMLC
Sturry;STURRY
Styal;STYAL
Sudbury & Harrow Road;SDBRYHR
Sudbury (Suffolk);SUDBURY
Sudbury Hill Harrow;SDBRYHH
Sugar Loaf;SGRLOAF
Summerston;SUMRSTN
Sunbury;SUNBURY
Sunderland;SNDRLND
Sundridge Park;SNDP
Sunningdale;SUNNGDL
Sunnymeads;SUNYMDS
Surbiton;SURBITN
Surrey Quays;SURREYQ
Sutton (London);SUTTON
Sutton Coldfield;SUTCO
Sutton Common;SUTTONC
Sutton Parkway;STTNPWY
Swaffham (Coach);PBROSTI
Swale;SWALE
Swanage;SWNAGE
Swanley;SWLY
Swanscombe;SWNSCMB
Swanscombe;SWNSGD
Swansea;SWANSEA
Swanwick;SWNWICK
Sway;SWAY
Swaythling;SWYTHLN
Swinderby;SWNDRBY
Swindon (Wilts);SDON
Swindon Bus Stn;SDONBUS
Swineshead;SWSHEAD
Swinton (Manchester);SWNT
Swinton (South Yorkshire);SWINTN
Swinton (South Yorkshire);THBGJN
Sydenham;SYDENHM
Sydenham Hill;SYDNFD
Sydenham Hill;SYDNHMH
Syon Lane;SYONLA
Syston;SYSTON
Tackley;TACKLEY
Tadworth;TADWTH
Tadworth (Avenue;TADWBUS
Taffs Well;TAFFSWL
Tain;TAIN
Tal-Y-Cafn;TALYCFN
Talsarnau;TLSRNAU
Talybont;TALB
Tame Bridge Parkway;TAMEBDG
Tamworth;AMNGTNJ
Tamworth;TMWTHLL
Tamworth Hl;TMWTHHL
Taplow;TAPLOW
Tattenham Corner;TATNHMC
Taunton;TAUNTON
Tavistock Bus;TVSTBUS
Taynuilt;TAYNULT
Teddington;TEDNGTN
Teesside Airport;TSDARPR
Teignmouth;TEINMTH
Telford Central;TELFRDC
Templecombe;TMPCMB
Templemore (Cie;CATZTEM
Tenby;TENBY
Teynham;TEYNDVC
Teynham;TEYNHAM
Thames Ditton;TDITTON
Thatcham;THATCHM
Thatto Heath;THHT
The Hawthorns;HNDSHWT
The Lakes (Warwickshire);THELAKS
Theale;THEALE
Theobalds Grove;THBLDSG
Thetford;THETFD
Thirsk;THIRSK
Thomastown (Cie;CATZTHM
Thornaby;TABY
Thorne North;THORNEN
Thorne South;THORNES
Thornford;THFORD
Thornliebank;THLB
Thornton Abbey;THABBEY
Thornton Heath;THTH
Thorntonhall;THAL
Thorpe Bay;THOPBAY
Thorpe Culvert;TCULVRT
Thorpe-Le-Soken;THPLESK
Three Bridges;THBDGS
Three Oaks;THOK
Three Oaks;THOKLB
Thurgarton;THRGRTN
Thurles (Cie;CATZTUS
Thurnscoe;TRNO
Thurso;THURSO
Thurston;THUSTON
Tilbury Riverside;TLBYRSD
Tilbury Town;TLBYTWN
Tile Hill;TILEH
Tilehurst;TILHRST
Timperley;TIMPRLY
Tipperary (Cie;CATZTPY
Tipton;TIPTON
Tir-Phil;TIRPHIL
Tisbury;TISBURY
Tiverton Bus;TIVIBUS
Tiverton Parkway;TIVIPW
Todmorden;TODMRDN
Tolworth;TOLWTH
Ton Pentre;TONPNTR
Tonbridge;TONBDG
Tondu;TONDU
Tonfanau;TONFNAU
Tonypandy;TNYPNDY
Tooting;TOOTING
Topsham;TOPSHAM
Torquay;TORQUAY
Torre;TORRE
Totnes;TOTNES
Totnes Stn Road;TOTNSTA
Tottenham Court Road Crossrail;TOTCTRD
Tottenham Hale;TTNHMHL
Totton;TOTTON
Tower Gatewy Dlr;TWGWDLR
Town Green;TOWNGRN
Trafford Park;TRFDPK
Traffrd Bar Mtlk;TFBMTLK
Tralee (Cie;TRALEE
Trefforest;TREFRST
Trefforest Estate;TRFRSTE
Trehafod;TREHAFD
Treherbert;TREHRBT
Treorchy;TREORCY
Trimley;TRIMLEY
Tring;TRING
Troed-Y-Rhiw;TRDYRHW
Troon;TROON
Trowbridge;TRWBRDG
Truro;TRURO
Tullamore (Cie;CATZTUM
Tulloch;TULLOCH
Tulse Hill;TULSEH
Tunbridge Wells;TUNWELL
Turkey Street;TURKYST
Turnpike Lane Und;HRNSTPL
Tutbury & Hatton;TUTBURY
Tweedbank;TWDBANK
Twickenham;TWCKNHM
Twyford;TWYFORD
Ty Croes;TYCROES
Ty Glas;TYGLAS
Tygwyn;TYGWYN
Tyndrum Lower;TYNDRML
Tyseley;TYSL
Tywyn;TYWYN
Uckfield;UCKFILD
Uddingston;UDNGSTN
Uig Bus;UIGG
Ulceby;ULCEBY
Ullapool;ULLAPOL
Ulleskelf;ULESKLF
Ulverston;ULVRSTN
Umberleigh;UMBRLGH
University (Birmingham);UNVRSYB
Uphall;UPHALL
Upholland;UPHOLND
Upminster;UPMNSP6
Upminster;UPMNSTR
Upper Halliford;UHALIFD
Upper Holloway;UPRHLWY
Upper Tyndrum;TYNDRMU
Upper Warlingham;UWRLNGH
Upton;UPTON
Upwey;UPWEY
Urmston;URMSTON
Uttoxeter;UTOXETR
Valley;VALLEY
Vauxhall;VAUXHAL
Vauxhall;VAUXHLM
Vauxhall;VAUXHLW
Velopark Mtlk;MNCRVPM
Virginia Water;VRGNWTR
W Didsbury Mtlk;MNCRWDI
Waddon;WADDON
Wadebridge Bus;WDBDGBS
Wadhurst;WADHRST
Wainfleet;WAINFLT
Wakefield Kirkgate;WKFLDKG
Wakefield Westgate;WKFLDWG
Walkden;WALKDEN
Wallasey Grove Road;WALAGRD
Wallasey Village;WALASYV
Wallington;WALNGTN
Wallyford;WALLYFD
Walmer;WALMER
Walsall;WALSALL
Walsden;WDEN
Waltham Cross;WALHAMX
Walthamstow Central;WLTWCEN
Walthamstow Queens Road;WLTHQRD
Walton (Merseyside);WALTONM
Walton-On-Thames;WONT
Walton-On-The-Naze;WONNAZE
Wanborough;WANBRO
Wandsworth Common;WANDCMN
Wandsworth Road;WNDSWRD
Wandsworth Town;WDWTOWN
Wanstead Park;WNSTDPK
Wantage Bus;WANTMPL
Wapping;WAPPING
Warblington;WRBLNGT
Ware;WARE
Wareham;WARHAM
Wargrave;WARGRAV
Warminster;WRMNSTR
Warnham;WARNHAM
Warrington Bank Quay;WRGTNBQ
Warrington Central;WRGT
Warrington West;WRGTWST
Warwick;WARWICK
Warwick Parkway;WARWPWY
Watchet Bus;WATCHET
Water Orton;WTRORTN
Waterbeach;WATBECH
Waterford (Cie;WATERFD
Wateringbury;WTRNGBY
Waterloo (Merseyside);WLOO
Watford High Street;WATFDHS
Watford Junction;WATFDJ
Watford Junction;WATFJDC
Watford Met Und;WATFLUL
Watford North;WATFDN
Watlington;WATLGTN
Watton-At-Stone;WATONAS
Waun-Gron Park;WAUNGRN
Wavertree Technology Park;WVRTTEC
Weaste Mtlk;MNCRWST
Wedgwood;WEDGWD
Wedgwood Lane;WEDGORB
Wedgwood Old Rd;WEDGORD
Weeley;WEELEY
Weeton;WEETON
Welham Green;WELHAMG
Welling;WELLING
Wellingborough;WLNGBRO
Wellington (Shropshire);WELNGTN
Wells Bri Bus;WLLSPRI
Welshpool;WELSHPL
Welwyn Garden City;WLWYNGC
Welwyn North;WLWYNN
Wem;WEMM
Wembley Central;WMBY
Wembley Central;WMBYDC
Wembley Park Und;CATEZWY
Wembley Stadium;WEMBLSM
Wemyss Bay;WEMYSSB
Wendover;WENDOVR
Wennington;WENNGTN
West Allerton;WALERTN
West Brompton;WBRMPTN
West Byfleet;WBYFLET
West Calder;WCALDER
West Croydon;WCROYDN
West Drayton;WDRYTON
West Dulwich;WDULCRD
West Dulwich;WDULWCH
West Ealing;WEALING
West Ham;WHAMHL
West Hampstead;WHMDSTD
West Hampstead Thameslink;WHMPSTM
West Horndon;WHORNDN
West Kilbride;WKILBRD
West Kirby;WKIRBY
West Malling;WMALING
West Norwood;WNORWOD
West Ruislip;WRUISLP
West Runton;WRUNTON
West St Leonards;WSLE
West Sutton;WSUTTON
West Wickham;WWICKHM
West Worthing;WWRTHNG
Westbury;FRWDJN
Westbury;HWRDJN
Westbury;WSTBRYW
Westcliff;WCLIFF
Westcombe Park;WCOMBEP
Westenhanger;WENHNGR
Westerfield;WSTRFLD
Westerhailes;WHAILES
Westerton;WESTRTN
Westgate-On-Sea;WESGTOS
Westhoughton;WSTHOTN
Weston Milton;WMILTON
Weston-Super-Mare;WSMARE
Westport (Cie;CATZWPT
Westwood Mtlk;MNCRWWM
Wetheral;WETHERL
Wexford (Cie;WEXFDOH
Weybridge;WEYBDGB
Weybridge;WEYBDGE
Weymouth;WEYMTH
Weymouth Quay;WEYMTHQ
Whaley Bridge;WHALYBG
Whalley;WHALLEY
Whatstandwell;WATSTND
Whifflet;WHIFLET
Whimple;WHIMPLE
Whinhill;WHINH
Whiston;WHISTON
Whitby;WTBY
Whitby Bus;YORKWHT
Whitchurch (Cardiff);WHCH
Whitchurch (Hampshire);WHTCHRH
Whitchurch (Shropshire);WCHR
White Hart Lane;WHHRTLA
White Notley;WNOTLEY
Whitechapel;WCHAPEL
Whitechapel Mtr;WCHAPXR
Whitecraigs;WTCR
Whitefield Mtlk;WHFD
Whitehaven;WHITHVN
Whitland;WHLAND
Whitley Bridge;WHTBDGE
Whitlocks End;WHLE
Whitstable;WHSTBLE
Whittlesea;WHTLSEA
Whittlesford Parkway;WTLESFD
Whitton (London);WHTTON
Whitwell;WHWLL
Whyteleafe;WHYTELF
Whyteleafe South;WHYTBUS
Whyteleafe South;WHYTLFS
Wick;WICK
Wickford;WIKFORD
Wickham Market;WCKHMMR
Wicklow (Cie;WKLW
Widdrington;WDRNGTN
Widnes;WIDNES
Widney Manor;WDNYMNR
Wigan North Western;WIGANNW
Wigan Wallgate;WIGANWL
Wigton;WIGTON
Wildmill;WLDMILL
Willesden Junction;WLSD
Willesden Junction;WLSDJHL
Willesden Junction;WLSDNJL
Willesden Junction;WLSDWLJ
Williamwood;WMWD
Willington;WLNTNON
Wilmcote (Warwickshire);WILMCOT
Wilmslow;WLMSL
Wilnecote (Staffordshire);WILNECT
Wimbledon;WDNLUL
Wimbledon;WDON
Wimbledon;WIMBLDN
Wimbledon Chase;WIMLCHS
Winchelsea;WINCHLS
Winchelsea;WINCSEA
Winchelsea New I;WINCNEW
Winchester;WNCHSTR
Winchfield;WNCFILD
Winchmore Hill;WNMHILL
Windermere;WMER
Windsor & Eton Central;WINDSEC
Windsor & Eton Riverside;WSORAER
Winnersh;WINERSH
Winnersh Triangle;WINETGL
Winsford;WNSFD
Wirksworth;CATZ007
Wisbech (Coach);WISBBUS
Wishaw;WISHAW
Witham;WITHAME
Withington Mtlk;MNCRWML
Witley;WITLEY
Witton (West Midlands);WITTON
Wivelsfield;KEYMERJ
Wivelsfield;WVLSFLD
Wivenhoe;WIVENHO
Woburn Sands;WOBURNS
Woking;WOKING
Wokingham;WOKNGHM
Woldingham;WLDNGHM
Wolverhampton;PBLJWM
Wolverhampton;WVRMPTN
Wolverton;WLVR
Wombwell;WOMBWEL
Wood End;WDND
Wood Street;WDST
Woodbridge;WODBDGE
Woodgrange Park;WDGRNPK
Woodhall;WHHL
Woodhouse;WDHOUSE
Woodlawn (Cie;CATZWLA
Woodlesford;WDLESFD
Woodley;WOODLEY
Woodmansterne;WDMNSTR
Woodsmoor;WMOR
Wool;WOOL
Woolston;WOLSTON
Woolwich Arsenal;WOLWCHA
Woolwich Crossrail;WOLWXR
Woolwich Dockyard;WOLWCDY
Wootton Wawen;WOTONWN
Worcester Foregate Street;WORCSFS
Worcester Park;WRCSTRP
Worcester Shrub Hill;WORCSSH
Worcestershire Parkway;WORCPWY
Worcestershire Parkway Hl;WORCPHL
Workington;WKNT
Worksop;WORKSOP
Worle;WORLE
Worplesdon;WRPLSDN
Worstead;WORSTED
Worthing;WORTHNG
Wrabness;WRABNES
Wraysbury;WRYSBRY
Wrenbury;WRENBRY
Wressle;WRESSLE
Wrexham Central;WREXHMC
Wrexham General;WREXGUB
Wrexham General;WREXHMG
Wye;WYEE
Wylam;WYLAM
Wylde Green;WYGN
Wymondham;WYMNDHM
Wythall;WYTH
Wythnshw Pk Mtlk;WSPMTLK
Wythnshw Tc Mtlk;WTCMTLK
Xc Destination;CATZQXD
Xc Origin;CATZQXO
Yalding;YALDING
Yardley Wood;YRDLYWD
Yarm;YAAM
Yarmouth Iow;YMTHIOW
Yate;YATE
Yatton;YATTON
Yeoford;YEOFORD
Yeovil Junction;YOVIJDP
Yeovil Junction;YOVILJN
Yeovil Junction;YOVILJS
Yeovil Pen Mill;YOVILPM
Yeovil Pen Mill;YOVILPS
Yetminster;YTMNSTR
Ynyswen;YNYSWEN
Yoker;YOKER
York;YORK
Yorton;YORTON
Ystrad Mynach;YSTRADM
Ystrad Rhondda;YTRHOND
